Temperature,HeartRate,HRV,SleepIndex,Tindex
33.08,60.84,0.00,0,1
33.20,60.84,0.00,0,1
33.05,60.84,0.00,0,1
0,60.84,0.00,0,1
33.16,60.84,0.00,0,1
33.02,60.84,0.00,0,1
33.08,60.84,0.00,0,1
33.20,60.84,0.00,0,1
33.05,60.84,0.00,0,1
33.15,0.00,0.00,0,1
33.00,0.00,0.00,0,1
33.03,0.00,0.00,0,1
36.16,0.00,0.00,0,0
30.52,0.00,0.00,0,1
2,60.84,0.00,0,1
32.27,60.84,0.00,0,1
32.19,60.90,0.00,0,1
32.48,60.84,0.00,0,1
32.43,60.90,0.00,0,1
32.25,60.84,0.00,0,1
36.19,0.00,0.00,0,0
35.78,60.96,0.41,0,1
35.69,60.78,0.50,0,1
35.61,60.84,0.50,0,1
35.46,60.90,0.41,0,1
35.35,60.84,0.00,0,1
35.41,60.78,0.00,0,1
35.38,60.90,0.00,0,1
35.71,60.90,0.00,0,1
35.80,60.90,0.00,0,1
36.01,60.90,0.00,0,0
36.13,60.90,0.00,0,0
36.48,60.90,0.00,0,0
39.94,60.90,0.00,0,0
40.00,60.90,0.00,0,0
34.51,60.90,0.00,0,1
32.99,50.00,3.26,0,1
32.87,60.90,3.26,0,1
32.84,60.90,3.26,0,1
33.13,50.00,3.18,0,1
33.01,50.00,3.18,0,1
36.66,50.00,3.09,0,0
38.36,60.84,3.09,0,0
,0.00,0.00,0,1
33.93,0.00,0.00,0,1
33.75,0.00,0.00,0,1
33.67,0.00,0.00,0,1
33.83,0.00,0.00,0,1
35.77,0.00,0.00,0,1
35.97,59.62,0.21,0,1
35.97,59.85,0.25,0,1
35.85,59.73,0.25,0,1
35.40,59.62,0.21,0,1
35.03,59.85,0.00,1,1
35.31,59.50,0.00,1,1
35.24,59.73,0.00,1,1
35.23,59.85,0.00,1,1
35.14,59.62,0.00,1,1
34.84,59.62,0.00,1,1
34.79,59.73,0.00,1,1
34.31,59.62,0.00,1,1
34.07,59.62,0.00,1,1
34.24,59.73,0.00,1,1
34.14,59.73,0.00,1,1
34.23,59.73,0.00,1,1
34.16,59.73,0.00,1,1
34.20,59.73,0.00,1,1
34.28,50.00,0.62,0,1
34.61,50.00,0.62,0,1
34.58,50.00,0.62,0,1
34.62,50.00,0.62,0,1
34.26,50.00,0.62,0,1
31.75,50.00,0.62,0,1
32.48,50.00,0.62,0,1
32.97,50.00,0.62,0,1
33.64,50.00,0.62,0,1
34.47,50.00,0.62,0,1
34.39,50.00,0.62,0,1
34.94,50.00,0.62,0,1
34.72,50.00,0.62,0,1
35.59,50.00,0.62,0,1
35.67,50.00,0.62,0,1
35.58,50.00,0.62,0,1
34.89,50.00,3.02,0,1
34.84,50.00,3.02,0,1
35.11,50.00,3.02,0,1
34.95,50.00,3.02,0,1
35.34,50.00,3.02,0,1
35.37,50.00,2.87,0,1
35.23,59.73,2.87,0,1
30.00,59.73,2.87,0,1
30.00,59.62,3.02,0,1
30.00,59.73,0.83,0,1
30.00,59.73,0.00,1,1
30.00,59.73,0.00,1,1
30.00,59.50,0.00,1,1
30.00,59.85,0.00,1,1
30.00,59.73,0.00,1,1
30.14,59.62,0.00,1,1
30.40,59.73,0.00,1,1
30.65,59.85,0.00,1,1
36.03,0.00,0.00,0,0
35.62,50.84,0.05,1,1
35.51,50.42,0.06,1,1
35.55,50.42,0.06,1,1
35.01,50.42,0.05,1,1
35.05,50.42,0.00,1,1
34.66,50.84,0.00,1,1
35.23,50.42,0.00,1,1
35.93,50.42,0.00,1,1
36.60,50.42,0.00,1,0
37.02,50.00,0.00,1,0
37.82,51.27,0.00,1,0
38.64,50.42,0.00,1,0
40.00,50.42,0.00,1,0
40.00,50.84,0.00,1,0
40.00,50.00,0.00,1,0
40.00,50.00,0.00,1,0
39.99,50.00,0.00,1,0
39.68,50.00,0.00,1,0
39.57,50.00,0.14,0,0
39.36,50.42,0.14,0,0
39.28,50.84,0.14,0,0
39.17,50.00,0.14,0,0
38.65,50.00,0.14,0,0
38.60,50.00,0.14,0,0
38.41,50.00,0.14,0,0
38.48,50.00,0.14,0,0
38.27,50.00,0.14,0,0
38.23,50.00,0.14,0,0
37.99,50.00,0.27,0,0
38.14,50.00,0.28,0,0
37.95,50.00,0.28,0,0
37.83,50.00,0.28,0,0
37.91,50.00,0.28,0,0
37.82,50.00,0.28,0,0
37.81,50.00,0.28,0,0
37.73,50.00,0.28,0,0
37.72,50.00,0.33,0,0
37.61,50.84,0.33,0,0
37.65,50.84,0.33,0,0
37.69,50.84,0.33,0,0
37.57,50.84,0.33,0,0
37.46,50.84,0.33,0,0
37.44,50.84,0.33,0,0
37.46,50.84,0.33,0,0
37.64,50.00,0.35,0,0
38.67,50.42,0.35,0,0
39.21,50.42,0.35,0,0
39.05,50.42,0.35,0,0
39.02,50.42,0.35,0,0
39.00,50.42,0.35,0,0
38.88,50.42,0.35,0,0
38.61,50.00,0.34,0,0
37.50,50.00,0.34,0,0
31.59,0.00,0.00,0,1
31.71,50.84,0.05,1,1
31.69,50.42,0.06,1,1
31.69,50.00,0.06,1,1
31.76,50.84,0.05,1,1
31.87,50.42,0.00,1,1
31.74,50.84,0.00,1,1
31.86,50.00,0.00,1,1
31.82,50.84,0.00,1,1
31.92,50.42,0.00,1,1
31.91,50.00,0.00,1,1
32.05,51.27,0.00,1,1
32.38,50.42,0.00,1,1
32.51,50.00,0.00,1,1
33.10,50.84,0.00,1,1
35.19,50.42,0.00,1,1
35.16,50.00,0.00,1,1
35.37,51.27,0.00,1,1
35.69,50.00,0.00,1,1
35.98,50.84,0.00,1,1
36.14,50.00,0.00,1,0
36.09,50.84,0.00,1,0
36.09,50.42,0.00,1,0
36.08,50.84,0.00,1,0
36.07,50.84,0.00,1,0
36.09,50.84,0.00,1,0
36.32,50.84,0.00,1,0
36.60,50.84,0.00,1,0
36.63,50.84,0.00,1,0
36.68,50.84,0.00,1,0
36.77,50.84,0.00,1,0
36.86,50.84,0.00,1,0
36.84,50.84,0.00,1,0
36.83,50.84,0.00,1,0
36.88,50.84,0.00,1,0
36.89,50.84,0.00,1,0
36.82,50.84,0.00,1,0
36.79,50.84,0.00,1,0
36.75,50.84,0.00,1,0
36.70,50.84,0.00,1,0
36.83,50.84,0.00,1,0
36.78,50.84,0.00,1,0
36.65,50.84,0.00,1,0
36.48,50.84,0.00,1,0
36.11,50.84,0.00,1,0
36.21,50.84,0.00,1,0
36.09,50.84,0.00,1,0
35.72,50.84,0.00,1,1
35.37,50.84,0.00,1,1
34.13,50.84,0.00,1,1
33.95,50.84,0.00,1,1
32.96,50.84,0.00,1,1
32.50,50.84,0.00,1,1
32.98,50.84,0.00,1,1
33.40,50.84,0.00,1,1
33.17,50.84,0.00,1,1
33.13,50.84,0.00,1,1
33.79,50.84,0.00,1,1
33.73,50.84,0.00,1,1
33.39,50.84,0.00,1,1
33.44,50.84,0.00,1,1
33.72,50.84,0.00,1,1
33.47,50.84,0.00,1,1
33.37,50.84,0.00,1,1
33.80,50.84,0.00,1,1
33.48,50.84,0.00,1,1
33.37,50.84,0.00,1,1
33.13,50.00,2.06,0,1
32.87,50.84,2.06,0,1
33.45,50.84,2.06,0,1
35.23,50.00,2.05,0,1
32.49,50.00,2.05,0,1
34.00,50.42,2.05,0,1
33.71,50.00,0.05,1,1
33.57,51.27,0.05,1,1
33.53,50.42,0.00,1,1
33.54,50.42,0.00,1,1
33.49,50.00,0.00,1,1
33.51,50.84,0.00,1,1
33.47,50.84,0.00,1,1
33.55,50.42,0.00,1,1
33.46,50.00,0.00,1,1
33.50,50.84,0.00,1,1
33.53,50.42,0.00,1,1
33.48,50.42,0.00,1,1
33.50,50.42,0.00,1,1
33.49,50.84,0.00,1,1
33.40,50.42,0.00,1,1
33.37,50.42,0.00,1,1
33.43,50.42,0.00,1,1
33.30,50.42,0.00,1,1
33.32,50.42,0.00,1,1
33.20,50.42,0.00,1,1
33.25,50.42,0.00,1,1
33.37,50.42,0.00,1,1
33.32,50.42,0.00,1,1
33.37,50.42,0.00,1,1
33.20,50.42,0.00,1,1
33.23,50.42,0.00,1,1
33.25,50.42,0.00,1,1
33.25,50.42,0.00,1,1
33.30,50.42,0.00,1,1
33.33,50.42,0.00,1,1
33.30,50.42,0.00,1,1
33.32,50.42,0.00,1,1
33.34,50.42,0.00,1,1
33.48,50.42,0.00,1,1
33.42,50.42,0.00,1,1
33.47,50.42,0.00,1,1
33.60,50.42,0.00,1,1
33.50,50.42,0.00,1,1
33.66,50.42,0.00,1,1
33.64,50.42,0.00,1,1
33.77,50.42,0.00,1,1
33.61,50.42,0.00,1,1
33.71,50.42,0.00,1,1
33.80,50.42,0.00,1,1
33.12,0.00,0.00,0,1
33.34,0.00,0.00,0,1
33.49,0.00,0.00,0,1
33.61,0.00,0.00,0,1
33.72,0.00,0.00,0,1
33.71,0.00,0.00,0,1
33.74,0.00,0.00,0,1
33.83,0.00,0.00,0,1
33.84,0.00,0.00,0,1
33.82,0.00,0.00,0,1
33.92,0.00,0.00,0,1
33.99,0.00,0.00,0,1
33.96,0.00,0.00,0,1
33.86,0.00,0.00,0,1
34.11,0.00,0.00,0,1
33.99,0.00,0.00,0,1
34.08,50.00,1.16,0,1
33.97,50.00,1.16,0,1
34.09,50.00,1.16,0,1
34.15,50.00,1.16,0,1
34.08,50.00,1.16,0,1
34.03,50.00,1.16,0,1
33.94,50.00,1.16,0,1
34.07,50.00,1.16,0,1
34.10,50.00,1.16,0,1
34.09,50.00,1.16,0,1
33.97,50.00,1.16,0,1
34.00,50.00,1.16,0,1
34.07,50.00,1.16,0,1
34.00,50.00,1.16,0,1
33.91,50.00,1.16,0,1
34.02,50.00,1.16,0,1
34.13,50.00,1.16,0,1
34.07,50.00,1.16,0,1
34.15,50.00,1.16,0,1
33.97,50.00,1.16,0,1
34.05,50.00,1.16,0,1
34.09,50.00,1.16,0,1
34.14,50.00,1.16,0,1
34.02,50.00,1.16,0,1
34.06,50.00,1.16,0,1
34.11,50.00,1.16,0,1
34.19,50.00,1.16,0,1
33.96,50.00,1.16,0,1
34.13,50.00,1.16,0,1
34.05,50.00,1.16,0,1
34.16,50.00,1.16,0,1
34.17,50.00,1.16,0,1
34.04,50.00,1.16,0,1
34.03,50.00,1.16,0,1
33.95,50.00,1.16,0,1
34.00,50.00,1.16,0,1
33.92,50.00,1.16,0,1
34.05,50.00,1.16,0,1
34.01,50.00,1.16,0,1
33.99,50.00,1.16,0,1
33.92,50.00,1.16,0,1
33.94,50.00,1.16,0,1
33.94,50.00,1.16,0,1
33.88,50.00,1.16,0,1
33.88,50.00,1.16,0,1
33.82,50.00,1.16,0,1
33.85,50.00,1.16,0,1
33.90,50.00,1.16,0,1
33.81,50.00,1.16,0,1
33.79,50.00,1.16,0,1
33.79,50.00,1.16,0,1
33.76,50.00,1.16,0,1
33.80,50.00,1.16,0,1
33.64,50.00,1.16,0,1
33.75,50.00,1.16,0,1
33.81,50.00,1.16,0,1
33.70,50.00,1.16,0,1
33.86,50.00,1.16,0,1
33.79,50.00,1.16,0,1
33.85,50.00,1.16,0,1
33.88,50.00,1.16,0,1
33.93,50.00,1.16,0,1
33.82,50.00,1.16,0,1
33.91,50.00,1.16,0,1
33.90,50.00,1.16,0,1
33.89,50.00,1.16,0,1
33.80,50.00,1.16,0,1
33.91,50.00,1.16,0,1
33.86,50.00,1.16,0,1
33.86,50.00,1.16,0,1
33.81,50.00,1.16,0,1
33.74,50.00,1.16,0,1
33.73,50.00,1.16,0,1
33.77,50.00,1.16,0,1
33.70,50.00,1.16,0,1
33.57,50.00,1.16,0,1
33.59,50.00,1.16,0,1
33.59,50.00,1.16,0,1
33.64,50.00,1.16,0,1
33.38,50.00,1.16,0,1
33.32,50.00,1.16,0,1
33.20,50.00,1.16,0,1
33.09,50.00,1.16,0,1
32.96,50.00,1.16,0,1
32.98,50.00,1.16,0,1
33.35,50.00,1.16,0,1
33.11,50.00,1.16,0,1
33.52,50.00,1.16,0,1
33.65,50.00,1.16,0,1
33.23,50.00,1.16,0,1
37.81,50.00,1.16,0,0
40.00,50.00,1.16,0,0
40.00,50.00,1.16,0,0
40.00,50.00,1.16,0,0
40.00,50.00,1.16,0,0
40.00,50.00,1.16,0,0
38.59,50.00,1.16,0,0
38.88,50.00,1.16,0,0
39.92,50.00,1.16,0,0
40.00,50.00,1.16,0,0
40.00,50.00,1.16,0,0
40.00,50.00,1.16,0,0
40.00,50.00,1.16,0,0
40.00,50.00,1.16,0,0
40.00,50.00,1.16,0,0
40.00,50.00,1.16,0,0
40.00,50.00,4.92,0,0
40.00,60.50,4.91,0,0
40.00,60.50,4.91,0,0
40.00,50.00,4.85,0,0
40.00,50.00,4.83,0,0
40.00,50.00,4.97,0,0
40.00,50.00,0.13,0,0
40.00,50.00,0.13,0,0
40.00,50.00,0.15,0,0
40.00,59.50,0.16,0,0
40.00,50.00,0.16,0,0
40.00,50.00,0.16,0,0
40.00,50.00,0.16,0,0
40.00,60.50,0.03,0,0
40.00,51.06,0.03,1,0
40.00,51.43,0.03,1,0
40.00,51.43,0.03,1,0
40.00,50.00,0.14,0,0
39.87,50.00,0.15,0,0
39.69,50.00,0.14,0,0
33.27,0.00,0.00,0,1
33.34,0.00,0.00,0,1
33.37,0.00,0.00,0,1
33.34,0.00,0.00,0,1
33.18,0.00,0.00,0,1
33.30,0.00,0.00,0,1
33.39,0.00,0.00,0,1
33.25,0.00,0.00,0,1
33.22,0.00,0.00,0,1
33.40,0.00,0.00,0,1
33.40,0.00,0.00,0,1
33.41,0.00,0.00,0,1
33.38,0.00,0.00,0,1
33.46,0.00,0.00,0,1
33.57,0.00,0.00,0,1
33.60,0.00,0.00,0,1
33.53,0.00,0.00,0,1
33.58,0.00,0.00,0,1
33.70,0.00,0.00,0,1
33.64,0.00,0.00,0,1
33.69,0.00,0.00,0,1
33.73,0.00,0.00,0,1
34.00,0.00,0.00,0,1
33.97,0.00,0.00,0,1
34.54,0.00,0.00,0,1
35.40,60.00,0.05,0,1
36.98,60.00,0.06,0,0
37.19,61.02,0.06,0,0
37.38,60.00,0.05,0,0
37.50,59.50,0.00,1,0
37.27,60.50,0.00,0,0
37.18,59.50,0.00,1,0
37.16,60.50,0.00,0,0
37.14,60.50,0.00,0,0
36.97,59.50,0.00,1,0
37.10,60.00,0.00,0,0
36.93,60.50,0.00,0,0
37.00,59.50,0.00,1,0
36.72,60.50,0.00,0,0
36.93,60.50,0.00,0,0
36.90,59.50,0.00,1,0
36.90,59.50,0.00,1,0
36.88,59.50,0.00,1,0
36.94,59.50,0.00,1,0
36.88,59.50,0.00,1,0
36.89,59.50,0.00,1,0
36.86,59.50,0.00,1,0
36.73,59.50,0.00,1,0
36.84,59.50,0.00,1,0
36.92,59.50,0.00,1,0
36.75,59.50,0.00,1,0
36.68,59.50,0.00,1,0
36.77,59.50,0.00,1,0
36.85,59.50,0.00,1,0
36.69,59.50,0.00,1,0
36.63,59.50,0.00,1,0
36.36,59.50,0.00,1,0
36.62,59.50,0.00,1,0
36.65,59.50,0.00,1,0
36.35,59.50,0.00,1,0
36.47,59.50,0.00,1,0
36.55,59.50,0.00,1,0
36.41,59.50,0.00,1,0
36.46,59.50,0.00,1,0
36.37,59.50,0.00,1,0
36.55,59.50,0.00,1,0
36.45,59.50,0.00,1,0
36.13,59.50,0.00,1,0
35.83,59.50,0.00,1,1
35.82,59.50,0.00,1,1
35.48,59.50,0.00,1,1
35.35,59.50,0.00,1,1
35.46,59.50,0.00,1,1
35.34,59.50,0.00,1,1
35.36,59.50,0.00,1,1
35.25,59.50,0.00,1,1
35.54,59.50,0.00,1,1
35.40,59.50,0.00,1,1
35.38,59.50,0.00,1,1
35.29,59.50,0.00,1,1
35.23,59.50,0.00,1,1
35.48,59.50,0.00,1,1
35.38,59.50,0.00,1,1
35.15,59.50,0.00,1,1
35.23,59.50,0.00,1,1
35.14,59.50,0.00,1,1
35.15,59.50,0.00,1,1
35.31,59.50,0.00,1,1
35.02,59.50,0.00,1,1
35.30,59.50,0.00,1,1
35.35,59.50,0.00,1,1
35.65,59.50,0.00,1,1
35.13,59.50,0.00,1,1
35.33,59.50,0.00,1,1
35.55,59.50,0.00,1,1
35.46,59.50,0.00,1,1
35.43,59.50,0.00,1,1
35.29,59.50,0.00,1,1
35.26,59.50,0.00,1,1
35.49,59.50,0.00,1,1
35.65,59.50,0.00,1,1
35.40,59.50,0.00,1,1
35.37,59.50,0.00,1,1
35.62,59.50,0.00,1,1
35.24,59.50,0.00,1,1
35.39,59.50,0.00,1,1
35.14,59.50,0.00,1,1
35.48,59.50,0.00,1,1
35.62,59.50,0.00,1,1
35.25,59.50,0.00,1,1
35.09,59.50,0.00,1,1
35.69,59.50,0.00,1,1
35.43,59.50,0.00,1,1
35.40,59.50,0.00,1,1
35.45,59.50,0.00,1,1
35.37,59.50,0.00,1,1
35.47,59.50,0.00,1,1
35.02,59.50,0.00,1,1
35.21,59.50,0.00,1,1
35.60,59.50,0.00,1,1
35.36,59.50,0.00,1,1
35.42,59.50,0.00,1,1
35.39,59.50,0.00,1,1
35.31,59.50,0.00,1,1
35.20,59.50,0.00,1,1
35.35,59.50,0.00,1,1
35.08,59.50,0.00,1,1
35.36,59.50,0.00,1,1
35.28,59.50,0.00,1,1
35.33,59.50,0.00,1,1
35.27,59.50,0.00,1,1
35.28,59.50,0.00,1,1
35.29,59.50,0.00,1,1
35.05,59.50,0.00,1,1
35.53,59.50,0.00,1,1
35.34,59.50,0.00,1,1
35.17,59.50,0.00,1,1
35.09,59.50,0.00,1,1
35.14,59.50,0.00,1,1
35.06,59.50,0.00,1,1
34.92,59.50,0.00,1,1
35.02,59.50,0.00,1,1
35.12,59.50,0.00,1,1
35.14,59.50,0.00,1,1
35.21,59.50,0.00,1,1
35.04,59.50,0.00,1,1
34.96,59.50,0.00,1,1
35.28,59.50,0.00,1,1
35.11,59.50,0.00,1,1
35.12,59.50,0.00,1,1
35.29,59.50,0.00,1,1
35.29,59.50,0.00,1,1
35.16,59.50,0.00,1,1
35.22,59.50,0.00,1,1
35.19,59.50,0.00,1,1
35.19,59.50,0.00,1,1
35.19,59.50,0.00,1,1
34.99,59.50,0.00,1,1
35.04,59.50,0.00,1,1
35.16,59.50,0.00,1,1
34.89,59.50,0.00,1,1
35.29,59.50,0.00,1,1
35.57,59.50,0.00,1,1
35.72,50.00,5.85,0,1
36.06,60.00,5.85,0,0
36.56,59.50,5.85,0,0
36.58,60.50,5.85,0,0
36.57,60.00,5.85,0,0
36.59,60.50,0.00,0,0
36.86,59.50,0.00,1,0
36.96,60.50,0.00,0,0
36.98,60.00,0.00,0,0
36.77,60.00,0.00,0,0
36.98,60.00,0.00,0,0
37.00,60.50,0.00,0,0
36.81,60.00,0.00,0,0
36.83,60.00,0.00,0,0
36.80,59.50,0.00,1,0
36.78,61.02,0.00,0,0
36.80,61.02,0.00,0,0
36.81,61.02,0.00,0,0
36.77,61.02,0.00,0,0
36.96,61.02,0.00,0,0
36.88,61.02,0.00,0,0
36.92,61.02,0.00,0,0
36.80,61.02,0.00,0,0
36.93,61.02,0.00,0,0
36.96,61.02,0.00,0,0
36.99,61.02,0.00,0,0
37.12,61.02,0.00,0,0
37.04,61.02,0.00,0,0
37.03,61.02,0.00,0,0
37.03,61.02,0.00,0,0
37.21,61.02,0.00,0,0
36.92,61.02,0.00,0,0
37.15,61.02,0.00,0,0
37.33,61.02,0.00,0,0
37.15,61.02,0.00,0,0
37.00,61.02,0.00,0,0
37.15,61.02,0.00,0,0
37.26,50.00,1.01,0,0
37.19,60.50,1.01,0,0
37.17,60.00,1.01,0,0
37.17,59.50,1.01,0,0
37.12,60.00,1.01,0,0
37.08,61.02,0.00,0,0
37.12,60.00,0.00,0,0
37.03,59.50,0.00,1,0
37.18,60.00,0.00,0,0
37.09,60.00,0.00,0,0
37.13,61.02,0.00,0,0
36.98,59.50,0.00,1,0
37.16,60.00,0.00,0,0
37.13,60.00,0.00,0,0
37.11,60.50,0.00,0,0
37.11,60.00,0.00,0,0
37.04,60.00,0.00,0,0
36.95,60.00,0.00,0,0
37.04,60.50,0.00,0,0
37.31,59.50,0.00,1,0
37.06,60.50,0.00,0,0
37.03,60.00,0.00,0,0
37.17,59.50,0.00,1,0
37.18,60.50,0.00,0,0
36.77,60.00,0.00,0,0
37.22,60.50,0.00,0,0
37.24,59.50,0.00,1,0
37.00,60.50,0.00,0,0
36.97,60.00,0.00,0,0
37.01,60.00,0.00,0,0
36.89,60.00,0.00,0,0
37.05,60.50,0.00,0,0
37.10,60.50,0.00,0,0
37.05,60.50,0.00,0,0
36.98,60.50,0.00,0,0
37.19,60.50,0.00,0,0
36.99,60.50,0.00,0,0
37.04,60.50,0.00,0,0
37.29,60.50,0.00,0,0
37.25,60.50,0.00,0,0
37.10,60.50,0.00,0,0
37.30,60.50,0.00,0,0
37.31,60.50,0.00,0,0
37.06,60.50,0.00,0,0
37.29,60.50,0.00,0,0
37.18,60.50,0.00,0,0
37.30,60.50,0.00,0,0
37.29,60.50,0.00,0,0
37.18,60.50,0.00,0,0
37.31,60.50,0.00,0,0
37.21,60.50,0.00,0,0
37.53,60.50,0.00,0,0
37.33,60.50,0.00,0,0
37.54,60.50,0.00,0,0
37.24,60.50,0.00,0,0
37.23,60.50,0.00,0,0
37.38,60.50,0.00,0,0
37.39,60.50,0.00,0,0
37.53,60.50,0.00,0,0
37.15,60.50,0.00,0,0
37.41,60.50,0.00,0,0
37.41,60.50,0.00,0,0
37.27,60.50,0.00,0,0
37.14,60.50,0.00,0,0
37.41,60.50,0.00,0,0
37.22,60.50,0.00,0,0
37.37,60.50,0.00,0,0
37.52,60.50,0.00,0,0
37.27,60.50,0.00,0,0
37.31,60.50,0.00,0,0
37.34,60.50,0.00,0,0
37.21,60.50,0.00,0,0
37.15,60.50,0.00,0,0
37.22,60.50,0.00,0,0
37.25,60.50,0.00,0,0
37.15,60.50,0.00,0,0
37.25,60.50,0.00,0,0
37.38,50.00,2.16,0,0
37.08,60.00,2.16,0,0
37.36,60.50,2.16,0,0
36.97,60.00,2.16,0,0
37.08,60.00,2.16,0,0
37.28,59.50,0.00,1,0
37.28,60.50,0.00,0,0
37.25,60.50,0.00,0,0
37.17,60.00,0.00,0,0
37.13,59.50,0.00,1,0
37.04,60.00,0.00,0,0
36.90,61.02,0.00,0,0
36.87,60.00,0.00,0,0
36.52,60.00,0.00,0,0
36.18,59.50,0.00,1,0
35.13,60.00,0.00,0,1
34.94,60.50,0.00,0,1
35.09,60.50,0.00,0,1
35.02,60.00,0.00,0,1
34.94,60.00,0.00,0,1
35.02,60.00,0.00,0,1
34.90,60.00,0.00,0,1
34.39,60.00,0.00,0,1
34.61,60.00,0.00,0,1
34.80,60.00,0.00,0,1
34.75,60.00,0.00,0,1
34.69,60.00,0.00,0,1
34.84,60.00,0.00,0,1
34.99,60.00,0.00,0,1
35.31,60.00,0.00,0,1
34.79,60.00,0.00,0,1
35.00,50.00,0.58,0,1
34.83,60.00,0.58,0,1
34.88,60.00,0.58,0,1
35.16,60.00,0.58,0,1
35.17,60.00,0.58,0,1
34.77,60.50,0.00,0,1
35.15,60.00,0.00,0,1
34.86,60.00,0.00,0,1
35.11,60.00,0.00,0,1
35.19,60.00,0.00,0,1
35.09,60.50,0.00,0,1
34.91,60.00,0.00,0,1
35.07,60.00,0.00,0,1
35.11,60.00,0.00,0,1
34.89,60.00,0.00,0,1
35.05,59.50,0.00,1,1
34.90,60.50,0.00,0,1
35.05,60.50,0.00,0,1
34.84,60.00,0.00,0,1
34.88,60.00,0.00,0,1
34.87,60.00,0.00,0,1
34.90,59.50,0.00,1,1
34.88,61.02,0.00,0,1
34.71,60.00,0.00,0,1
34.77,60.00,0.00,0,1
34.94,60.00,0.00,0,1
34.99,59.50,0.00,1,1
34.90,60.50,0.00,0,1
34.71,60.50,0.00,0,1
35.10,60.00,0.00,0,1
35.07,60.00,0.00,0,1
35.03,59.50,0.00,1,1
34.85,60.50,0.00,0,1
34.94,60.50,0.00,0,1
34.74,60.50,0.00,0,1
35.11,60.50,0.00,0,1
35.21,60.50,0.00,0,1
35.02,60.50,0.00,0,1
34.90,60.50,0.00,0,1
34.89,60.50,0.00,0,1
34.89,60.50,0.00,0,1
34.77,60.50,0.00,0,1
34.81,60.50,0.00,0,1
34.95,60.50,0.00,0,1
34.93,60.50,0.00,0,1
34.72,60.50,0.00,0,1
34.85,50.00,0.58,0,1
34.89,50.00,0.58,0,1
34.87,50.00,0.58,0,1
34.82,50.00,0.56,0,1
35.09,60.00,0.56,0,1
34.83,60.00,0.56,0,1
34.78,60.00,0.56,0,1
34.88,61.02,0.10,0,1
34.67,59.50,0.00,1,1
34.86,60.00,0.00,0,1
34.94,60.00,0.00,0,1
34.77,60.00,0.00,0,1
34.79,60.50,0.00,0,1
34.91,59.50,0.00,1,1
35.06,60.50,0.00,0,1
34.86,60.00,0.00,0,1
34.92,60.00,0.00,0,1
34.79,60.00,0.00,0,1
34.59,60.00,0.00,0,1
34.91,60.00,0.00,0,1
34.94,60.00,0.00,0,1
34.77,60.00,0.00,0,1
34.95,60.00,0.00,0,1
34.79,60.00,0.00,0,1
34.73,60.00,0.00,0,1
34.71,60.00,0.00,0,1
34.61,60.00,0.00,0,1
34.81,60.00,0.00,0,1
34.73,60.00,0.00,0,1
34.48,60.00,0.00,0,1
34.77,60.00,0.00,0,1
34.53,60.00,0.00,0,1
34.07,60.00,0.00,0,1
34.19,60.00,0.00,0,1
33.47,60.00,0.00,0,1
34.09,60.00,0.00,0,1
33.60,60.00,0.00,0,1
33.62,60.00,0.00,0,1
33.38,60.00,0.00,0,1
33.53,60.00,0.00,0,1
33.30,50.00,1.10,0,1
33.43,60.00,1.10,0,1
33.07,60.00,1.10,0,1
32.63,60.00,1.10,0,1
32.97,61.02,1.10,0,1
32.66,60.00,0.00,0,1
32.65,60.00,0.00,0,1
32.35,60.00,0.00,0,1
32.37,60.00,0.00,0,1
32.20,60.00,0.00,0,1
32.46,60.00,0.00,0,1
32.18,60.00,0.00,0,1
32.07,60.00,0.00,0,1
32.07,60.00,0.00,0,1
32.40,50.00,0.29,0,1
32.21,50.00,0.29,0,1
32.33,50.00,0.28,0,1
32.23,60.00,0.28,0,1
32.45,60.00,0.28,0,1
31.54,60.50,0.28,0,1
31.40,60.00,0.05,0,1
31.57,60.00,0.00,0,1
31.64,60.00,0.00,0,1
31.43,59.50,0.00,1,1
32.37,60.00,0.00,0,1
32.62,60.50,0.00,0,1
32.77,60.00,0.00,0,1
32.02,60.00,0.00,0,1
32.02,60.00,0.00,0,1
32.94,60.00,0.00,0,1
33.31,60.50,0.00,0,1
33.79,60.50,0.00,0,1
34.55,50.00,0.05,1,1
35.28,60.50,0.05,0,1
35.86,60.00,0.05,0,1
36.96,60.00,0.05,0,0
37.28,60.00,0.05,0,0
36.82,60.00,0.00,0,0
38.01,60.50,0.00,0,0
37.85,60.00,0.00,0,0
37.73,60.00,0.00,0,0
37.76,60.00,0.00,0,0
37.63,60.50,0.00,0,0
37.76,59.50,0.00,1,0
37.65,60.00,0.00,0,0
37.55,60.00,0.00,0,0
37.23,61.02,0.00,0,0
37.18,59.50,0.00,1,0
37.25,59.50,0.00,1,0
37.27,59.50,0.00,1,0
37.05,59.50,0.00,1,0
37.09,59.50,0.00,1,0
37.11,59.50,0.00,1,0
37.08,59.50,0.00,1,0
36.95,59.50,0.00,1,0
37.02,59.50,0.00,1,0
37.02,59.50,0.00,1,0
37.00,59.50,0.00,1,0
36.66,59.50,0.00,1,0
35.35,59.50,0.00,1,1
34.45,59.50,0.00,1,1
34.76,59.50,0.00,1,1
34.59,59.50,0.00,1,1
34.04,59.50,0.00,1,1
34.24,59.50,0.00,1,1
34.36,59.50,0.00,1,1
34.19,59.50,0.00,1,1
34.43,59.50,0.00,1,1
34.25,59.50,0.00,1,1
34.52,59.50,0.00,1,1
34.48,59.50,0.00,1,1
34.47,59.50,0.00,1,1
34.38,59.50,0.00,1,1
34.23,59.50,0.00,1,1
34.21,59.50,0.00,1,1
34.24,59.50,0.00,1,1
34.68,59.50,0.00,1,1
34.27,59.50,0.00,1,1
34.35,59.50,0.00,1,1
34.16,59.50,0.00,1,1
34.47,59.50,0.00,1,1
34.65,59.50,0.00,1,1
34.11,59.50,0.00,1,1
34.73,59.50,0.00,1,1
34.53,59.50,0.00,1,1
34.15,59.50,0.00,1,1
34.22,59.50,0.00,1,1
34.45,59.50,0.00,1,1
34.33,59.50,0.00,1,1
34.28,59.50,0.00,1,1
34.11,59.50,0.00,1,1
34.33,59.50,0.00,1,1
34.13,59.50,0.00,1,1
34.11,59.50,0.00,1,1
33.95,59.50,0.00,1,1
33.90,59.50,0.00,1,1
33.79,59.50,0.00,1,1
33.78,59.50,0.00,1,1
33.65,59.50,0.00,1,1
33.96,59.50,0.00,1,1
33.66,59.50,0.00,1,1
33.58,59.50,0.00,1,1
33.84,59.50,0.00,1,1
33.73,59.50,0.00,1,1
33.72,59.50,0.00,1,1
33.83,59.50,0.00,1,1
33.76,59.50,0.00,1,1
33.58,59.50,0.00,1,1
33.64,59.50,0.00,1,1
33.70,59.50,0.00,1,1
33.65,59.50,0.00,1,1
33.70,59.50,0.00,1,1
33.78,59.50,0.00,1,1
33.65,59.50,0.00,1,1
33.87,59.50,0.00,1,1
33.72,59.50,0.00,1,1
33.84,59.50,0.00,1,1
34.12,59.50,0.00,1,1
34.06,59.50,0.00,1,1
34.34,59.50,0.00,1,1
33.84,59.50,0.00,1,1
34.04,59.50,0.00,1,1
33.78,59.50,0.00,1,1
33.97,59.50,0.00,1,1
34.00,59.50,0.00,1,1
33.75,59.50,0.00,1,1
34.00,59.50,0.00,1,1
34.13,59.50,0.00,1,1
34.00,59.50,0.00,1,1
33.70,59.50,0.00,1,1
33.69,59.50,0.00,1,1
33.75,59.50,0.00,1,1
33.66,59.50,0.00,1,1
33.29,59.50,0.00,1,1
33.36,59.50,0.00,1,1
33.60,59.50,0.00,1,1
33.78,59.50,0.00,1,1
33.92,59.50,0.00,1,1
33.67,59.50,0.00,1,1
33.85,59.50,0.00,1,1
34.21,59.50,0.00,1,1
33.90,59.50,0.00,1,1
33.94,59.50,0.00,1,1
34.26,59.50,0.00,1,1
34.08,59.50,0.00,1,1
33.92,59.50,0.00,1,1
34.31,59.50,0.00,1,1
34.14,59.50,0.00,1,1
34.31,59.50,0.00,1,1
34.15,59.50,0.00,1,1
34.00,59.50,0.00,1,1
34.26,59.50,0.00,1,1
34.32,59.50,0.00,1,1
34.22,59.50,0.00,1,1
34.13,59.50,0.00,1,1
34.27,59.50,0.00,1,1
33.95,59.50,0.00,1,1
33.74,59.50,0.00,1,1
34.11,59.50,0.00,1,1
34.09,59.50,0.00,1,1
33.64,59.50,0.00,1,1
33.81,59.50,0.00,1,1
33.98,59.50,0.00,1,1
34.17,59.50,0.00,1,1
33.37,59.50,0.00,1,1
33.80,50.00,5.61,0,1
33.62,61.02,5.61,0,1
33.83,60.00,5.61,0,1
33.57,60.00,5.61,0,1
34.54,59.50,5.61,0,1
34.59,60.00,0.00,0,1
34.50,60.50,0.00,0,1
34.83,60.50,0.00,0,1
34.94,59.50,0.00,1,1
35.24,60.00,0.00,0,1
35.67,60.00,0.00,0,1
36.18,61.02,0.00,0,0
36.24,59.50,0.00,1,0
36.01,60.00,0.00,0,0
35.70,60.00,0.00,0,1
36.91,60.00,0.00,0,0
38.11,60.00,0.00,0,0
38.08,60.00,0.00,0,0
38.26,60.00,0.00,0,0
38.24,60.00,0.00,0,0
38.34,60.00,0.00,0,0
38.47,60.00,0.00,0,0
38.38,60.00,0.00,0,0
38.27,60.00,0.00,0,0
38.10,60.00,0.00,0,0
38.16,60.00,0.00,0,0
38.18,60.00,0.00,0,0
38.11,60.00,0.00,0,0
37.94,60.00,0.00,0,0
37.99,60.00,0.00,0,0
38.09,60.00,0.00,0,0
37.96,60.00,0.00,0,0
37.80,60.00,0.00,0,0
37.90,60.00,0.00,0,0
37.91,60.00,0.00,0,0
37.88,60.00,0.00,0,0
37.83,60.00,0.00,0,0
37.69,60.00,0.00,0,0
37.70,60.00,0.00,0,0
37.74,60.00,0.00,0,0
37.77,60.00,0.00,0,0
37.58,60.00,0.00,0,0
37.89,60.00,0.00,0,0
37.90,60.00,0.00,0,0
37.82,60.00,0.00,0,0
37.85,60.00,0.00,0,0
37.84,60.00,0.00,0,0
37.91,60.00,0.00,0,0
37.93,60.00,0.00,0,0
38.02,60.00,0.00,0,0
37.76,60.00,0.00,0,0
37.76,60.00,0.00,0,0
37.84,60.00,0.00,0,0
37.81,60.00,0.00,0,0
37.66,60.00,0.00,0,0
37.77,60.00,0.00,0,0
37.83,60.00,0.00,0,0
37.81,60.00,0.00,0,0
37.64,60.00,0.00,0,0
37.77,60.00,0.00,0,0
37.74,60.00,0.00,0,0
37.66,60.00,0.00,0,0
37.71,60.00,0.00,0,0
37.67,60.00,0.00,0,0
37.81,60.00,0.00,0,0
37.77,60.00,0.00,0,0
37.78,60.00,0.00,0,0
37.69,60.00,0.00,0,0
37.76,60.00,0.00,0,0
37.76,60.00,0.00,0,0
37.61,60.00,0.00,0,0
37.47,60.00,0.00,0,0
37.53,60.00,0.00,0,0
37.58,60.00,0.00,0,0
37.55,60.00,0.00,0,0
37.57,60.00,0.00,0,0
37.30,60.00,0.00,0,0
37.51,60.00,0.00,0,0
37.64,60.00,0.00,0,0
37.55,60.00,0.00,0,0
37.41,60.00,0.00,0,0
37.61,60.00,0.00,0,0
37.74,60.00,0.00,0,0
37.52,60.00,0.00,0,0
37.32,60.00,0.00,0,0
37.37,60.00,0.00,0,0
37.38,60.00,0.00,0,0
37.21,60.00,0.00,0,0
37.37,60.00,0.00,0,0
37.33,60.00,0.00,0,0
37.30,60.00,0.00,0,0
37.29,60.00,0.00,0,0
37.22,60.00,0.00,0,0
37.12,60.00,0.00,0,0
37.42,60.00,0.00,0,0
37.27,60.00,0.00,0,0
37.25,60.00,0.00,0,0
37.19,60.00,0.00,0,0
37.33,60.00,0.00,0,0
37.34,60.00,0.00,0,0
37.30,60.00,0.00,0,0
37.30,60.00,0.00,0,0
37.41,60.00,0.00,0,0
37.36,60.00,0.00,0,0
37.45,60.00,0.00,0,0
37.43,60.00,0.00,0,0
37.26,60.00,0.00,0,0
37.36,60.00,0.00,0,0
37.28,60.00,0.00,0,0
37.34,60.00,0.00,0,0
37.20,60.00,0.00,0,0
37.27,60.00,0.00,0,0
37.32,60.00,0.00,0,0
37.32,60.00,0.00,0,0
37.34,60.00,0.00,0,0
37.44,60.00,0.00,0,0
37.58,60.00,0.00,0,0
37.59,60.00,0.00,0,0
37.53,60.00,0.00,0,0
37.45,60.00,0.00,0,0
37.58,60.00,0.00,0,0
37.65,60.00,0.00,0,0
37.77,60.00,0.00,0,0
37.60,60.00,0.00,0,0
37.79,60.00,0.00,0,0
37.68,60.00,0.00,0,0
37.60,60.00,0.00,0,0
37.64,60.00,0.00,0,0
37.52,50.00,5.37,0,0
37.52,60.50,5.37,0,0
37.47,60.00,5.37,0,0
37.39,60.50,5.37,0,0
37.24,60.00,5.37,0,0
37.37,60.00,0.00,0,0
37.17,60.00,0.00,0,0
37.30,59.50,0.00,1,0
37.06,61.02,0.00,0,0
37.16,60.00,0.00,0,0
37.19,60.00,0.00,0,0
37.18,59.50,0.00,1,0
37.37,60.00,0.00,0,0
37.19,60.50,0.00,0,0
37.23,60.50,0.00,0,0
37.14,59.50,0.00,1,0
37.13,59.50,0.00,1,0
36.91,59.50,0.00,1,0
37.02,59.50,0.00,1,0
37.04,59.50,0.00,1,0
37.01,59.50,0.00,1,0
36.89,50.00,0.24,0,0
36.96,60.50,0.24,0,0
37.06,60.50,0.24,0,0
36.98,60.50,0.24,0,0
37.68,60.50,0.24,0,0
38.09,60.50,0.24,0,0
38.11,50.00,0.27,0,0
38.16,60.00,0.27,0,0
38.05,61.02,0.27,0,0
38.05,59.50,0.19,0,0
38.12,60.00,0.19,0,0
38.09,60.50,0.00,0,0
38.13,59.50,0.00,1,0
37.94,60.00,0.00,0,0
38.06,60.50,0.00,0,0
37.99,60.00,0.00,0,0
38.01,60.50,0.00,0,0
37.76,59.50,0.00,1,0
37.85,60.00,0.00,0,0
37.68,60.00,0.00,0,0
37.59,60.00,0.00,0,0
37.65,60.00,0.00,0,0
37.54,60.00,0.00,0,0
37.49,60.00,0.00,0,0
37.59,60.00,0.00,0,0
37.54,60.00,0.00,0,0
37.25,60.00,0.00,0,0
37.13,60.00,0.00,0,0
36.93,60.00,0.00,0,0
36.80,60.00,0.00,0,0
36.56,60.00,0.00,0,0
36.14,60.00,0.00,0,0
35.45,60.00,0.00,0,1
34.93,60.00,0.00,0,1
34.54,60.00,0.00,0,1
34.44,60.00,0.00,0,1
33.43,60.00,0.00,0,1
33.69,60.00,0.00,0,1
33.52,60.00,0.00,0,1
33.22,60.00,0.00,0,1
33.26,60.00,0.00,0,1
33.30,60.00,0.00,0,1
32.96,60.00,0.00,0,1
33.20,60.00,0.00,0,1
32.72,60.00,0.00,0,1
32.72,60.00,0.00,0,1
32.96,60.00,0.00,0,1
32.45,60.00,0.00,0,1
32.73,60.00,0.00,0,1
32.86,60.00,0.00,0,1
32.86,60.00,0.00,0,1
33.15,60.00,0.00,0,1
32.85,50.00,1.58,0,1
33.17,50.00,1.58,0,1
33.08,50.00,1.58,0,1
33.29,50.00,1.58,0,1
33.58,50.00,1.58,0,1
33.88,50.00,1.58,0,1
33.78,50.00,1.58,0,1
33.88,50.00,1.58,0,1
33.82,50.00,1.58,0,1
33.49,50.00,1.53,0,1
33.57,60.00,1.53,0,1
33.60,60.00,1.53,0,1
33.43,60.50,1.53,0,1
33.57,59.50,0.38,0,1
33.55,60.50,0.00,0,1
33.48,60.00,0.00,0,1
33.23,60.00,0.00,0,1
33.57,60.00,0.00,0,1
33.31,59.50,0.00,1,1
33.52,60.50,0.00,0,1
33.00,60.50,0.00,0,1
33.15,60.00,0.00,0,1
33.33,60.00,0.00,0,1
33.33,60.00,0.00,0,1
33.11,60.00,0.00,0,1
33.37,60.00,0.00,0,1
34.02,60.00,0.00,0,1
33.59,60.50,0.00,0,1
33.83,60.00,0.00,0,1
33.79,60.50,0.00,0,1
33.75,60.00,0.00,0,1
33.76,60.00,0.00,0,1
33.91,50.00,0.05,1,1
33.71,60.00,0.05,0,1
33.74,60.00,0.05,0,1
33.78,60.50,0.05,0,1
33.79,60.00,0.05,0,1
33.86,60.00,0.00,0,1
33.46,60.00,0.00,0,1
33.62,50.00,0.05,1,1
33.74,50.00,0.05,1,1
33.82,50.00,0.05,1,1
33.64,50.00,0.05,1,1
33.64,50.00,0.05,1,1
33.36,50.00,0.05,1,1
33.71,50.00,0.05,1,1
33.61,50.00,0.05,1,1
33.81,50.00,0.05,1,1
33.97,50.00,0.05,1,1
33.38,50.00,0.42,0,1
33.54,61.02,0.42,0,1
33.62,59.50,0.42,0,1
33.95,60.00,0.42,0,1
33.82,60.00,0.43,0,1
33.85,60.00,0.00,0,1
33.78,61.02,0.00,0,1
33.68,59.50,0.00,1,1
33.82,60.00,0.00,0,1
33.83,60.00,0.00,0,1
33.74,59.50,0.00,1,1
33.37,61.02,0.00,0,1
33.47,60.00,0.00,0,1
33.47,60.00,0.00,0,1
33.45,60.00,0.00,0,1
33.58,60.00,0.00,0,1
33.46,60.00,0.00,0,1
33.48,60.00,0.00,0,1
33.54,50.00,0.19,0,1
33.48,60.00,0.19,0,1
33.61,60.00,0.19,0,1
33.34,60.00,0.19,0,1
33.33,60.00,0.19,0,1
33.31,60.00,0.19,0,1
33.26,60.00,0.19,0,1
33.47,60.00,0.19,0,1
33.46,60.00,0.19,0,1
33.33,60.00,0.19,0,1
33.25,50.00,0.38,0,1
33.46,60.50,0.38,0,1
33.36,60.00,0.38,0,1
33.35,60.00,0.38,0,1
33.41,59.50,0.38,0,1
33.24,60.50,0.00,0,1
33.50,60.00,0.00,0,1
33.34,60.50,0.00,0,1
33.51,60.50,0.00,0,1
33.28,60.50,0.00,0,1
33.47,60.50,0.00,0,1
33.66,60.50,0.00,0,1
33.43,60.50,0.00,0,1
33.68,50.00,0.24,0,1
33.46,50.00,0.24,0,1
33.61,50.00,0.24,0,1
33.67,50.00,0.24,0,1
33.67,50.00,0.24,0,1
33.66,50.00,0.24,0,1
33.88,50.00,0.24,0,1
33.50,50.00,0.24,0,1
33.60,50.00,0.24,0,1
33.49,50.00,0.24,0,1
33.33,50.00,0.24,0,1
33.57,50.00,0.24,0,1
33.39,50.00,0.24,0,1
33.45,50.00,0.24,0,1
33.32,50.00,0.24,0,1
33.37,50.00,0.24,0,1
33.54,50.00,0.70,0,1
33.49,50.00,0.70,0,1
33.45,50.00,0.70,0,1
33.52,50.00,0.70,0,1
33.51,50.00,0.70,0,1
33.65,50.00,0.70,0,1
33.59,50.00,0.70,0,1
33.28,50.00,0.70,0,1
33.59,50.00,0.70,0,1
33.43,50.00,0.70,0,1
33.53,50.00,0.70,0,1
33.49,50.00,0.70,0,1
33.41,50.00,0.70,0,1
33.59,50.00,0.70,0,1
33.52,50.00,0.70,0,1
33.53,50.00,0.70,0,1
33.56,50.00,0.70,0,1
33.56,50.00,0.70,0,1
33.72,50.00,0.70,0,1
33.77,50.00,0.70,0,1
33.61,50.00,0.70,0,1
33.56,50.00,0.70,0,1
33.38,50.00,0.70,0,1
33.56,50.00,0.70,0,1
33.67,50.00,0.70,0,1
33.47,50.00,1.12,0,1
33.61,60.00,1.12,0,1
33.43,60.00,1.12,0,1
33.64,60.50,1.19,0,1
33.43,60.50,1.15,0,1
33.38,59.50,0.00,1,1
33.49,59.50,0.00,1,1
33.37,59.50,0.00,1,1
33.69,59.50,0.00,1,1
33.63,59.50,0.00,1,1
33.76,59.50,0.00,1,1
33.59,59.50,0.00,1,1
33.69,59.50,0.00,1,1
33.74,59.50,0.00,1,1
33.76,59.50,0.00,1,1
33.94,59.50,0.00,1,1
33.82,59.50,0.00,1,1
33.88,50.00,0.53,0,1
33.58,60.00,0.53,0,1
33.72,60.50,0.53,0,1
33.53,60.50,0.53,0,1
33.51,60.50,0.53,0,1
33.67,60.50,0.53,0,1
33.81,60.50,0.53,0,1
33.75,60.50,0.53,0,1
33.74,60.50,0.53,0,1
33.71,60.50,0.53,0,1
33.78,60.50,0.53,0,1
33.58,60.50,0.53,0,1
33.60,60.50,0.53,0,1
33.54,60.50,0.53,0,1
33.51,60.50,0.53,0,1
33.59,60.50,0.53,0,1
33.37,60.50,0.53,0,1
33.53,60.50,0.53,0,1
33.44,50.00,0.78,0,1
33.27,60.00,0.78,0,1
33.49,60.00,0.72,0,1
33.79,60.00,0.72,0,1
33.44,60.00,0.72,0,1
33.24,61.02,0.00,0,1
33.29,60.00,0.00,0,1
33.26,60.00,0.00,0,1
34.03,60.00,0.00,0,1
34.18,60.00,0.00,0,1
34.78,60.00,0.00,0,1
34.53,60.00,0.00,0,1
35.14,60.00,0.00,0,1
35.62,60.50,0.00,0,1
36.13,60.00,0.00,0,0
37.20,60.00,0.00,0,0
37.84,60.00,0.00,0,0
37.56,60.00,0.00,0,0
37.22,60.00,0.00,0,0
37.38,60.00,0.00,0,0
37.36,60.00,0.00,0,0
37.86,50.00,0.10,1,0
38.03,59.50,0.10,1,0
37.89,60.00,0.10,0,0
37.68,60.00,0.10,0,0
37.83,60.50,0.10,0,0
37.69,59.50,0.00,1,0
37.76,60.50,0.00,0,0
37.54,60.00,0.00,0,0
37.74,60.00,0.00,0,0
37.78,60.00,0.00,0,0
37.58,60.00,0.00,0,0
37.59,61.02,0.00,0,0
37.54,59.50,0.00,1,0
37.54,60.00,0.00,0,0
37.51,60.00,0.00,0,0
37.55,60.00,0.00,0,0
37.45,60.00,0.00,0,0
37.63,60.50,0.00,0,0
37.60,60.50,0.00,0,0
37.76,60.50,0.00,0,0
37.73,60.50,0.00,0,0
37.83,60.50,0.00,0,0
37.77,60.50,0.00,0,0
37.95,60.50,0.00,0,0
37.63,60.50,0.00,0,0
37.40,60.50,0.00,0,0
37.52,60.50,0.00,0,0
37.41,60.50,0.00,0,0
37.45,60.50,0.00,0,0
37.36,60.50,0.00,0,0
37.47,60.50,0.00,0,0
37.50,60.50,0.00,0,0
37.54,60.50,0.00,0,0
37.59,60.50,0.00,0,0
37.68,60.50,0.00,0,0
37.58,60.50,0.00,0,0
37.38,60.50,0.00,0,0
37.27,60.50,0.00,0,0
36.80,60.50,0.00,0,0
35.80,50.00,1.01,0,1
35.26,50.00,1.01,0,1
35.36,50.00,1.01,0,1
35.18,50.00,1.01,0,1
35.20,50.00,1.01,0,1
34.77,50.00,0.98,0,1
34.61,60.50,0.98,0,1
34.30,60.50,0.98,0,1
34.47,50.00,0.96,0,1
34.68,59.50,0.96,0,1
34.40,60.00,0.19,0,1
34.11,60.00,0.05,0,1
34.38,60.00,0.05,0,1
34.22,50.00,0.06,1,1
34.53,60.50,0.05,0,1
34.21,60.00,0.05,0,1
34.45,60.00,0.05,0,1
34.37,50.00,0.06,1,1
34.20,60.50,0.06,0,1
34.47,60.00,0.05,0,1
34.32,60.00,0.05,0,1
34.38,60.00,0.05,0,1
34.25,60.00,0.05,0,1
34.30,60.00,0.05,0,1
34.34,60.00,0.05,0,1
34.23,60.00,0.05,0,1
34.34,60.00,0.05,0,1
34.33,60.00,0.05,0,1
34.24,60.00,0.05,0,1
34.34,50.00,0.37,0,1
34.44,50.00,0.37,0,1
34.21,50.00,0.37,0,1
34.16,50.00,0.37,0,1
34.44,60.50,0.37,0,1
34.32,60.50,0.37,0,1
34.49,60.00,0.37,0,1
34.31,59.50,0.10,1,1
34.32,60.00,0.00,0,1
34.01,61.02,0.00,0,1
34.39,60.00,0.00,0,1
34.33,59.50,0.00,1,1
34.12,60.00,0.00,0,1
34.35,60.50,0.00,0,1
34.43,60.00,0.00,0,1
34.29,60.00,0.00,0,1
34.24,60.00,0.00,0,1
34.38,60.00,0.00,0,1
34.27,60.00,0.00,0,1
33.93,60.00,0.00,0,1
34.34,60.00,0.00,0,1
34.51,60.00,0.00,0,1
34.17,60.00,0.00,0,1
34.29,50.00,0.34,0,1
34.24,60.00,0.34,0,1
34.14,60.00,0.34,0,1
34.14,60.00,0.34,0,1
34.09,60.00,0.34,0,1
34.18,60.00,0.34,0,1
34.19,60.00,0.34,0,1
34.41,60.00,0.34,0,1
34.14,60.00,0.34,0,1
34.17,60.00,0.34,0,1
34.41,60.00,0.34,0,1
34.11,60.00,0.34,0,1
34.18,60.00,0.34,0,1
34.07,60.00,0.34,0,1
34.04,60.00,0.34,0,1
34.06,60.00,0.34,0,1
34.05,50.00,0.67,0,1
33.96,59.50,0.67,0,1
33.95,59.50,0.67,0,1
34.08,59.50,0.67,0,1
34.01,59.50,0.67,0,1
33.88,59.50,0.67,0,1
34.18,59.50,0.67,0,1
33.86,59.50,0.67,0,1
34.01,59.50,0.67,0,1
33.76,59.50,0.67,0,1
34.01,59.50,0.67,0,1
33.89,59.50,0.67,0,1
33.76,59.50,0.67,0,1
33.94,59.50,0.67,0,1
34.22,59.50,0.67,0,1
33.71,59.50,0.67,0,1
34.18,59.50,0.67,0,1
34.21,59.50,0.67,0,1
34.16,59.50,0.67,0,1
34.20,59.50,0.67,0,1
33.90,59.50,0.67,0,1
33.96,59.50,0.67,0,1
34.03,59.50,0.67,0,1
33.99,59.50,0.67,0,1
34.06,59.50,0.67,0,1
33.96,59.50,0.67,0,1
33.96,59.50,0.67,0,1
33.90,59.50,0.67,0,1
33.75,59.50,0.67,0,1
34.07,59.50,0.67,0,1
33.91,59.50,0.67,0,1
33.95,59.50,0.67,0,1
33.96,59.50,0.67,0,1
34.05,59.50,0.67,0,1
34.07,59.50,0.67,0,1
34.26,59.50,0.67,0,1
34.11,59.50,0.67,0,1
34.23,59.50,0.67,0,1
34.28,59.50,0.67,0,1
34.16,59.50,0.67,0,1
34.22,59.50,0.67,0,1
34.17,59.50,0.67,0,1
34.19,59.50,0.67,0,1
34.10,59.50,0.67,0,1
34.27,59.50,0.67,0,1
34.20,59.50,0.67,0,1
34.20,59.50,0.67,0,1
33.85,59.50,0.67,0,1
34.22,59.50,0.67,0,1
34.07,59.50,0.67,0,1
34.03,59.50,0.67,0,1
34.10,59.50,0.67,0,1
34.07,59.50,0.67,0,1
33.82,59.50,0.67,0,1
34.25,59.50,0.67,0,1
34.33,59.50,0.67,0,1
34.22,59.50,0.67,0,1
34.20,59.50,0.67,0,1
34.01,59.50,0.67,0,1
34.25,59.50,0.67,0,1
33.96,59.50,0.67,0,1
33.98,59.50,0.67,0,1
33.97,59.50,0.67,0,1
34.05,59.50,0.67,0,1
33.93,59.50,0.67,0,1
34.08,59.50,0.67,0,1
34.12,59.50,0.67,0,1
33.94,59.50,0.67,0,1
33.88,59.50,0.67,0,1
34.31,59.50,0.67,0,1
33.96,59.50,0.67,0,1
34.04,59.50,0.67,0,1
33.98,59.50,0.67,0,1
34.03,59.50,0.67,0,1
33.91,59.50,0.67,0,1
33.99,50.00,3.31,0,1
34.03,60.00,3.39,0,1
33.86,59.50,3.39,0,1
34.05,60.00,3.50,0,1
34.30,60.00,3.50,0,1
33.79,60.00,3.50,0,1
34.18,60.00,3.50,0,1
34.38,60.00,3.50,0,1
34.16,60.00,3.50,0,1
33.97,60.00,3.50,0,1
34.14,60.00,3.50,0,1
34.10,60.00,3.50,0,1
33.77,60.00,3.50,0,1
34.34,60.00,3.50,0,1
34.08,60.00,3.50,0,1
34.60,60.00,3.50,0,1
33.74,50.00,3.40,0,1
34.38,60.00,0.57,0,1
34.41,60.00,0.57,0,1
34.26,59.50,0.57,0,1
34.35,59.50,0.57,0,1
34.20,59.50,0.57,0,1
34.39,59.50,0.57,0,1
34.10,59.50,0.57,0,1
34.13,59.50,0.57,0,1
34.38,59.50,0.57,0,1
33.90,59.50,0.57,0,1
34.28,59.50,0.57,0,1
34.40,59.50,0.57,0,1
33.97,59.50,0.57,0,1
33.98,59.50,0.57,0,1
33.92,59.50,0.57,0,1
34.56,59.50,0.57,0,1
34.47,59.50,0.57,0,1
33.92,59.50,0.57,0,1
34.20,59.50,0.57,0,1
33.78,59.50,0.57,0,1
34.23,59.50,0.57,0,1
34.31,59.50,0.57,0,1
34.01,59.50,0.57,0,1
34.45,59.50,0.57,0,1
34.24,59.50,0.57,0,1
33.69,59.50,0.57,0,1
34.25,59.50,0.57,0,1
33.91,50.00,1.15,0,1
34.06,50.00,1.15,0,1
34.43,50.00,1.15,0,1
34.29,50.00,1.15,0,1
33.87,50.00,1.15,0,1
33.82,50.00,1.15,0,1
33.88,50.00,1.15,0,1
33.90,50.00,1.15,0,1
34.13,50.00,1.15,0,1
33.90,50.00,1.15,0,1
33.97,50.00,1.15,0,1
33.84,50.00,1.15,0,1
33.85,50.00,1.15,0,1
33.89,50.00,1.15,0,1
34.13,50.00,1.15,0,1
34.07,50.00,1.15,0,1
33.87,50.00,1.19,0,1
34.40,50.00,1.19,0,1
34.24,50.00,1.19,0,1
34.42,50.00,1.19,0,1
34.04,50.00,1.19,0,1
34.19,50.00,1.19,0,1
34.20,50.00,1.19,0,1
34.19,50.00,1.19,0,1
34.11,50.00,1.19,0,1
34.17,50.00,1.19,0,1
34.05,50.00,1.19,0,1
34.17,50.00,1.19,0,1
34.44,50.00,1.19,0,1
34.21,50.00,1.19,0,1
34.33,50.00,1.19,0,1
34.24,50.00,1.19,0,1
34.22,50.00,1.19,0,1
33.98,50.00,1.19,0,1
34.09,50.00,1.19,0,1
34.18,50.00,1.19,0,1
34.00,50.00,1.19,0,1
34.15,50.00,1.19,0,1
34.38,50.00,1.19,0,1
34.15,50.00,1.19,0,1
34.47,50.00,1.19,0,1
34.28,50.00,1.19,0,1
34.42,50.00,1.19,0,1
34.26,50.00,1.19,0,1
34.29,50.00,1.19,0,1
34.25,50.00,1.19,0,1
34.01,50.00,1.44,0,1
34.28,60.00,1.44,0,1
34.29,60.00,1.44,0,1
34.35,60.00,1.40,0,1
34.14,60.50,1.39,0,1
34.32,60.00,0.00,0,1
34.33,60.00,0.00,0,1
34.20,60.50,0.00,0,1
34.24,60.00,0.00,0,1
34.33,60.50,0.00,0,1
34.34,60.50,0.00,0,1
34.41,60.50,0.00,0,1
34.22,60.50,0.00,0,1
34.44,60.50,0.00,0,1
34.21,60.50,0.00,0,1
34.28,60.50,0.00,0,1
34.22,50.00,0.29,0,1
34.39,59.50,0.29,0,1
34.11,60.00,0.29,0,1
34.29,60.00,0.29,0,1
34.43,60.50,0.29,0,1
34.29,60.00,0.00,0,1
34.66,60.00,0.00,0,1
34.63,59.50,0.00,1,1
34.55,60.00,0.00,0,1
34.47,60.00,0.00,0,1
34.46,60.00,0.00,0,1
34.44,60.00,0.00,0,1
34.81,60.00,0.00,0,1
34.73,60.00,0.00,0,1
34.40,60.00,0.00,0,1
34.43,60.00,0.00,0,1
34.49,60.00,0.00,0,1
34.55,60.00,0.00,0,1
34.35,60.00,0.00,0,1
34.57,60.00,0.00,0,1
34.55,60.00,0.00,0,1
34.60,60.00,0.00,0,1
34.28,60.00,0.00,0,1
34.53,60.00,0.00,0,1
34.39,60.00,0.00,0,1
34.46,50.00,0.77,0,1
34.34,60.00,0.77,0,1
34.36,60.00,0.77,0,1
34.51,60.00,0.77,0,1
34.55,60.00,0.77,0,1
34.32,60.00,0.77,0,1
34.47,60.00,0.77,0,1
34.38,50.00,0.74,0,1
34.33,50.00,0.74,0,1
34.32,50.00,0.73,0,1
34.39,60.50,0.19,0,1
34.15,60.00,0.19,0,1
34.25,60.00,0.19,0,1
34.21,50.00,0.18,0,1
33.96,60.00,0.06,0,1
34.33,60.00,0.06,0,1
34.22,60.00,0.06,0,1
34.00,50.00,0.10,1,1
33.98,60.50,0.10,0,1
33.88,60.50,0.10,0,1
33.90,60.50,0.10,0,1
33.88,60.50,0.10,0,1
33.91,50.00,0.14,0,1
33.71,60.00,0.15,0,1
33.91,60.00,0.15,0,1
33.92,60.00,0.15,0,1
34.13,50.00,0.14,0,1
33.90,60.00,0.15,0,1
34.11,60.00,0.15,0,1
34.08,60.00,0.10,0,1
34.12,60.00,0.10,0,1
33.91,60.00,0.10,0,1
33.90,50.00,0.12,0,1
34.01,50.00,0.12,0,1
33.88,50.00,0.12,0,1
33.90,50.00,0.12,0,1
33.81,50.00,0.12,0,1
33.94,50.00,0.12,0,1
33.74,50.00,0.24,0,1
33.94,60.00,0.24,0,1
33.78,60.00,0.24,0,1
33.88,50.00,0.22,0,1
33.83,50.00,0.22,0,1
33.79,50.00,0.22,0,1
33.73,50.00,0.22,0,1
33.83,50.00,0.21,0,1
33.26,59.50,0.23,0,1
30.00,60.50,0.14,0,1
30.00,60.50,0.14,0,1
30.00,60.00,0.14,0,1
30.00,59.02,0.00,1,1
30.00,60.00,0.00,0,1
30.00,60.50,0.00,0,1
30.00,60.00,0.00,0,1
30.00,60.00,0.00,0,1
30.00,60.00,0.00,0,1
30.00,60.00,0.00,0,1
30.00,60.50,0.00,0,1
30.00,60.00,0.00,0,1
30.00,60.00,0.00,0,1
30.00,60.00,0.00,0,1
30.00,60.00,0.00,0,1
14,0.00,0.00,0,1
33.25,0.00,0.00,0,1
33.05,0.00,0.00,0,1
33.34,0.00,0.00,0,1
33.34,0.00,0.00,0,1
33.19,0.00,0.00,0,1
33.14,0.00,0.00,0,1
33.25,0.00,0.00,0,1
33.05,0.00,0.00,0,1
33.34,0.00,0.00,0,1
33.34,0.00,0.00,0,1
33.19,0.00,0.00,0,1
33.14,0.00,0.00,0,1
33.25,0.00,0.00,0,1
33.05,0.00,0.00,0,1
33.34,0.00,0.00,0,1
33.34,0.00,0.00,0,1
33.19,0.00,0.00,0,1
33.14,0.00,0.00,0,1
38.52,0.00,0.00,0,0
38.49,60.50,0.05,0,0
38.32,60.00,0.06,0,0
38.17,60.50,0.06,0,0
38.07,59.50,0.05,1,0
37.97,60.00,0.00,0,0
37.98,60.50,0.00,0,0
37.74,60.50,0.00,0,0
37.94,59.50,0.00,1,0
37.98,60.00,0.00,0,0
38.01,60.00,0.00,0,0
37.87,61.02,0.00,0,0
38.09,59.50,0.00,1,0
38.16,60.00,0.00,0,0
38.13,60.00,0.00,0,0
38.16,60.50,0.00,0,0
38.17,60.50,0.00,0,0
38.16,60.50,0.00,0,0
38.25,60.50,0.00,0,0
38.32,60.50,0.00,0,0
38.01,60.50,0.00,0,0
38.34,60.50,0.00,0,0
38.50,60.50,0.00,0,0
38.44,60.50,0.00,0,0
38.28,60.50,0.00,0,0
38.60,60.50,0.00,0,0
38.45,60.50,0.00,0,0
38.47,60.50,0.00,0,0
38.52,60.50,0.00,0,0
38.75,60.50,0.00,0,0
38.68,50.00,0.67,1,0
38.69,60.00,0.67,0,0
38.88,60.50,0.67,0,0
38.77,59.50,0.67,1,0
38.89,60.50,0.67,0,0
38.99,60.00,0.00,0,0
39.00,60.00,0.00,0,0
38.82,59.50,0.00,1,0
38.98,61.02,0.00,0,0
39.09,60.00,0.00,0,0
39.02,60.00,0.00,0,0
38.89,59.50,0.00,1,0
39.07,60.50,0.00,0,0
39.09,60.50,0.00,0,0
39.01,60.00,0.00,0,0
39.11,59.50,0.00,1,0
38.87,59.50,0.00,1,0
38.94,50.00,0.05,1,0
38.80,60.50,0.05,0,0
38.82,60.00,0.05,0,0
38.52,59.50,0.05,1,0
38.63,60.50,0.05,0,0
38.64,60.00,0.00,0,0
38.64,60.50,0.00,0,0
38.49,59.50,0.00,1,0
38.68,60.50,0.00,0,0
38.69,60.00,0.00,0,0
38.64,60.00,0.00,0,0
38.64,60.00,0.00,0,0
38.41,60.50,0.00,0,0
38.64,60.00,0.00,0,0
38.72,59.50,0.00,1,0
38.67,60.00,0.00,0,0
38.42,61.02,0.00,0,0
38.59,59.50,0.00,1,0
38.60,59.50,0.00,1,0
38.65,59.50,0.00,1,0
38.33,59.50,0.00,1,0
38.52,59.50,0.00,1,0
38.52,59.50,0.00,1,0
38.46,59.50,0.00,1,0
38.48,59.50,0.00,1,0
38.28,59.50,0.00,1,0
38.44,59.50,0.00,1,0
38.39,59.50,0.00,1,0
38.39,59.50,0.00,1,0
38.24,59.50,0.00,1,0
38.34,59.50,0.00,1,0
38.29,59.50,0.00,1,0
38.34,59.50,0.00,1,0
38.14,59.50,0.00,1,0
38.23,59.50,0.00,1,0
38.35,59.50,0.00,1,0
38.34,59.50,0.00,1,0
38.73,59.50,0.00,1,0
39.04,59.50,0.00,1,0
40.00,59.50,0.00,1,0
40.00,59.50,0.00,1,0
40.00,59.50,0.00,1,0
39.39,59.50,0.00,1,0
36.64,59.50,0.00,1,0
35.38,59.50,0.00,1,1
34.11,59.50,0.00,1,1
32.94,59.50,0.00,1,1
32.77,59.50,0.00,1,1
32.79,59.50,0.00,1,1
32.54,59.50,0.00,1,1
32.66,59.50,0.00,1,1
33.33,59.50,0.00,1,1
33.25,59.50,0.00,1,1
33.48,59.50,0.00,1,1
33.26,59.50,0.00,1,1
33.59,59.50,0.00,1,1
33.46,59.50,0.00,1,1
33.14,59.50,0.00,1,1
33.85,59.50,0.00,1,1
34.19,59.50,0.00,1,1
33.74,59.50,0.00,1,1
33.32,59.50,0.00,1,1
33.52,59.50,0.00,1,1
33.73,59.50,0.00,1,1
33.85,59.50,0.00,1,1
33.88,59.50,0.00,1,1
33.33,59.50,0.00,1,1
33.55,59.50,0.00,1,1
33.99,59.50,0.00,1,1
33.12,59.50,0.00,1,1
33.51,59.50,0.00,1,1
33.10,59.50,0.00,1,1
33.33,59.50,0.00,1,1
32.70,59.50,0.00,1,1
32.86,59.50,0.00,1,1
32.48,59.50,0.00,1,1
32.62,59.50,0.00,1,1
32.67,59.50,0.00,1,1
32.60,59.50,0.00,1,1
32.69,59.50,0.00,1,1
32.80,59.50,0.00,1,1
32.92,59.50,0.00,1,1
32.79,59.50,0.00,1,1
32.83,59.50,0.00,1,1
32.80,59.50,0.00,1,1
32.67,59.50,0.00,1,1
32.91,59.50,0.00,1,1
32.84,59.50,0.00,1,1
32.94,59.50,0.00,1,1
32.74,59.50,0.00,1,1
32.90,59.50,0.00,1,1
32.89,59.50,0.00,1,1
32.97,59.50,0.00,1,1
32.96,59.50,0.00,1,1
32.79,59.50,0.00,1,1
33.07,59.50,0.00,1,1
33.02,59.50,0.00,1,1
32.93,59.50,0.00,1,1
32.78,59.50,0.00,1,1
32.80,59.50,0.00,1,1
32.74,59.50,0.00,1,1
32.74,59.50,0.00,1,1
32.74,59.50,0.00,1,1
32.77,59.50,0.00,1,1
32.81,59.50,0.00,1,1
32.69,59.50,0.00,1,1
32.86,59.50,0.00,1,1
32.75,59.50,0.00,1,1
32.96,59.50,0.00,1,1
33.02,59.50,0.00,1,1
33.00,59.50,0.00,1,1
32.91,59.50,0.00,1,1
33.18,59.50,0.00,1,1
33.15,59.50,0.00,1,1
33.13,59.50,0.00,1,1
33.21,59.50,0.00,1,1
33.21,59.50,0.00,1,1
33.21,59.50,0.00,1,1
33.15,59.50,0.00,1,1
33.25,59.50,0.00,1,1
33.04,59.50,0.00,1,1
33.24,59.50,0.00,1,1
33.28,59.50,0.00,1,1
33.28,59.50,0.00,1,1
33.09,59.50,0.00,1,1
33.32,59.50,0.00,1,1
33.30,59.50,0.00,1,1
33.27,59.50,0.00,1,1
33.15,59.50,0.00,1,1
33.41,59.50,0.00,1,1
33.32,59.50,0.00,1,1
33.36,59.50,0.00,1,1
33.40,59.50,0.00,1,1
33.20,59.50,0.00,1,1
33.43,59.50,0.00,1,1
33.46,59.50,0.00,1,1
33.48,59.50,0.00,1,1
33.41,59.50,0.00,1,1
33.60,59.50,0.00,1,1
33.58,59.50,0.00,1,1
33.54,59.50,0.00,1,1
33.34,59.50,0.00,1,1
33.60,59.50,0.00,1,1
33.59,59.50,0.00,1,1
33.55,59.50,0.00,1,1
33.50,59.50,0.00,1,1
33.29,59.50,0.00,1,1
33.49,59.50,0.00,1,1
33.37,59.50,0.00,1,1
33.41,59.50,0.00,1,1
33.25,50.00,6.33,0,1
33.54,59.50,6.33,0,1
33.56,61.02,6.33,0,1
33.54,60.00,6.33,0,1
33.55,60.00,6.33,0,1
33.81,59.50,0.00,1,1
33.94,60.50,0.00,0,1
34.00,60.50,0.00,0,1
34.15,60.00,0.00,0,1
34.59,59.50,0.00,1,1
35.43,60.50,0.00,0,1
35.39,60.00,0.00,0,1
35.79,60.00,0.00,0,1
36.66,60.00,0.00,0,0
37.09,60.50,0.00,0,0
36.95,60.00,0.00,0,0
36.86,60.00,0.00,0,0
37.24,60.00,0.00,0,0
37.57,60.00,0.00,0,0
37.61,60.00,0.00,0,0
37.56,60.00,0.00,0,0
37.47,60.00,0.00,0,0
36.79,60.00,0.00,0,0
36.39,60.00,0.00,0,0
36.26,60.00,0.00,0,0
36.29,60.00,0.00,0,0
36.16,60.00,0.00,0,0
36.40,60.00,0.00,0,0
36.21,60.00,0.00,0,0
36.30,60.00,0.00,0,0
36.02,60.00,0.00,0,0
36.20,60.00,0.00,0,0
36.24,60.00,0.00,0,0
36.25,60.00,0.00,0,0
36.18,60.00,0.00,0,0
36.00,60.00,0.00,0,1
36.23,60.00,0.00,0,0
36.19,60.00,0.00,0,0
36.15,60.00,0.00,0,0
36.14,60.00,0.00,0,0
36.25,60.00,0.00,0,0
36.39,60.00,0.00,0,0
36.29,60.00,0.00,0,0
35.85,60.00,0.00,0,1
36.07,60.00,0.00,0,0
36.05,60.00,0.00,0,0
35.89,60.00,0.00,0,1
35.95,60.00,0.00,0,1
35.73,60.00,0.00,0,1
35.81,60.00,0.00,0,1
35.76,60.00,0.00,0,1
35.68,60.00,0.00,0,1
35.45,60.00,0.00,0,1
35.61,60.00,0.00,0,1
35.62,60.00,0.00,0,1
35.49,60.00,0.00,0,1
35.27,60.00,0.00,0,1
35.70,60.00,0.00,0,1
35.83,60.00,0.00,0,1
36.43,60.00,0.00,0,0
36.65,60.00,0.00,0,0
36.82,60.00,0.00,0,0
36.97,60.00,0.00,0,0
36.97,60.00,0.00,0,0
36.99,60.00,0.00,0,0
36.75,60.00,0.00,0,0
36.95,60.00,0.00,0,0
36.77,60.00,0.00,0,0
36.98,60.00,0.00,0,0
36.73,60.00,0.00,0,0
36.90,60.00,0.00,0,0
36.79,60.00,0.00,0,0
36.67,60.00,0.00,0,0
36.66,60.00,0.00,0,0
36.48,60.00,0.00,0,0
36.52,60.00,0.00,0,0
36.48,60.00,0.00,0,0
36.45,60.00,0.00,0,0
36.23,60.00,0.00,0,0
36.48,50.00,2.97,0,0
36.41,60.50,2.97,0,0
36.42,59.50,2.97,0,0
36.23,60.50,2.97,0,0
36.34,60.00,2.97,0,0
36.37,60.00,0.00,0,0
36.28,59.50,0.00,1,0
36.29,61.02,0.00,0,0
36.20,60.00,0.00,0,0
36.16,60.00,0.00,0,0
36.09,59.50,0.00,1,0
36.11,60.00,0.00,0,0
35.84,61.02,0.00,0,1
35.99,60.00,0.00,0,1
35.88,59.50,0.00,1,1
35.84,60.00,0.00,0,1
35.66,60.50,0.00,0,1
35.87,60.50,0.00,0,1
35.85,60.50,0.00,0,1
35.91,50.00,0.10,1,1
35.81,59.50,0.10,1,1
35.93,59.50,0.10,1,1
35.88,50.00,0.10,1,1
35.90,60.50,0.10,0,1
35.94,60.50,0.10,0,1
35.79,50.00,0.09,1,1
35.95,60.00,0.06,0,1
36.00,59.50,0.06,1,1
36.08,59.50,0.06,1,0
35.89,50.00,0.06,1,1
36.20,60.50,0.06,0,0
36.21,60.00,0.05,0,0
36.15,59.50,0.05,1,0
36.17,59.50,0.05,1,0
36.19,59.50,0.05,1,0
36.14,59.50,0.05,1,0
36.11,59.50,0.05,1,0
36.23,59.50,0.05,1,0
36.02,59.50,0.05,1,0
36.16,59.50,0.05,1,0
36.32,59.50,0.05,1,0
36.29,59.50,0.05,1,0
36.25,50.00,0.42,1,0
36.52,60.50,0.43,0,0
36.70,60.50,0.43,0,0
36.57,50.00,0.42,1,0
36.58,60.50,0.42,0,0
36.98,60.00,0.42,0,0
36.85,60.50,0.05,0,0
36.35,60.50,0.05,0,0
36.66,60.50,0.05,0,0
35.15,50.00,0.10,1,1
34.81,50.00,0.10,1,1
34.34,50.00,0.10,1,1
34.27,50.00,0.10,1,1
34.16,50.00,0.10,1,1
34.21,50.00,0.10,1,1
34.25,50.00,0.10,1,1
34.20,50.00,0.28,1,1
34.53,50.00,0.28,1,1
34.30,50.00,0.28,1,1
34.22,50.00,0.26,1,1
34.26,50.00,0.26,1,1
34.23,50.00,0.26,1,1
34.32,50.00,0.26,1,1
34.31,50.00,0.26,1,1
34.32,50.00,0.26,1,1
34.47,50.00,0.26,1,1
34.19,50.00,0.26,1,1
34.24,50.00,0.26,1,1
34.41,50.00,0.26,1,1
34.33,50.00,0.26,1,1
34.17,50.00,0.26,1,1
34.44,50.00,0.26,1,1
34.40,50.00,0.26,1,1
34.40,50.00,0.26,1,1
34.36,50.00,0.26,1,1
34.26,50.00,0.26,1,1
34.47,50.00,0.26,1,1
34.54,50.00,0.26,1,1
34.51,50.00,0.26,1,1
34.30,50.00,0.26,1,1
34.62,50.00,0.26,1,1
34.42,50.00,0.26,1,1
34.41,50.00,0.26,1,1
34.40,50.00,0.26,1,1
34.38,50.00,0.26,1,1
34.32,50.00,0.26,1,1
34.53,50.00,1.15,0,1
34.80,60.00,1.15,0,1
34.96,61.02,1.18,0,1
35.24,61.02,1.18,0,1
35.31,50.00,1.21,0,1
35.27,50.00,1.21,0,1
35.89,50.00,1.21,0,1
36.28,50.00,1.21,0,0
36.50,50.00,1.21,0,0
36.44,50.00,1.21,0,0
36.35,50.00,0.11,1,0
36.64,50.00,0.11,1,0
36.64,50.00,0.09,1,0
36.66,50.00,0.09,1,0
36.84,50.00,0.06,1,0
36.73,50.00,0.06,1,0
36.84,50.00,0.06,1,0
36.88,60.00,0.08,0,0
36.97,60.50,0.06,0,0
36.74,60.50,0.06,0,0
36.97,50.00,0.06,1,0
36.85,59.50,0.06,1,0
37.09,59.50,0.06,1,0
37.07,50.00,0.06,1,0
37.57,60.00,0.06,0,0
37.63,60.00,0.06,0,0
37.83,60.00,0.06,0,0
38.20,60.00,0.06,0,0
38.15,50.00,0.13,1,0
38.50,50.00,0.13,1,0
38.61,50.00,0.13,1,0
38.79,50.00,0.14,1,0
38.75,60.00,0.14,0,0
39.15,60.50,0.15,0,0
39.19,59.50,0.15,1,0
39.32,60.50,0.10,0,0
39.09,60.50,0.10,0,0
39.32,50.00,0.05,1,0
39.31,50.00,0.05,1,0
39.39,50.00,0.06,1,0
39.37,59.50,0.06,1,0
39.29,59.50,0.06,1,0
39.39,59.50,0.06,1,0
39.39,59.50,0.06,1,0
39.41,50.00,0.13,1,0
39.22,50.00,0.13,1,0
39.39,50.00,0.12,1,0
39.45,60.00,0.13,0,0
39.63,59.50,0.14,1,0
39.42,60.50,0.14,0,0
39.59,60.50,0.14,0,0
39.61,50.00,0.06,1,0
39.59,50.00,0.06,1,0
39.61,50.00,0.06,1,0
39.60,50.00,0.10,1,0
39.59,59.50,0.10,1,0
39.52,60.00,0.10,0,0
39.54,60.00,0.10,0,0
39.31,60.50,0.10,0,0
39.59,59.50,0.00,1,0
39.51,60.50,0.00,0,0
39.49,60.00,0.00,0,0
39.39,60.50,0.00,0,0
39.48,59.50,0.00,1,0
39.59,59.50,0.00,1,0
39.57,50.00,0.05,1,0
39.61,60.00,0.05,0,0
39.61,60.00,0.05,0,0
39.69,60.00,0.05,0,0
39.66,50.00,0.10,1,0
39.64,61.02,0.10,0,0
39.59,60.00,0.10,0,0
39.75,60.00,0.10,0,0
39.71,60.00,0.10,0,0
39.70,60.00,0.10,0,0
39.54,60.00,0.10,0,0
39.65,50.00,0.19,1,0
39.63,60.00,0.19,0,0
39.59,60.00,0.19,0,0
39.56,60.00,0.19,0,0
39.55,60.00,0.19,0,0
39.48,50.00,0.21,1,0
39.45,60.00,0.21,0,0
39.52,60.00,0.21,0,0
39.28,59.50,0.14,1,0
39.57,60.50,0.14,0,0
39.59,60.50,0.00,0,0
39.45,60.00,0.00,0,0
39.38,59.50,0.00,1,0
39.52,59.50,0.00,1,0
39.58,59.50,0.00,1,0
39.57,50.00,0.10,1,0
39.35,60.50,0.10,0,0
39.50,60.00,0.10,0,0
39.52,59.50,0.10,1,0
39.43,59.50,0.10,1,0
39.38,59.50,0.10,1,0
39.18,50.00,0.12,1,0
39.32,60.50,0.10,0,0
39.40,60.50,0.10,0,0
39.34,50.00,0.10,1,0
39.13,60.00,0.10,0,0
39.37,60.00,0.10,0,0
39.31,60.00,0.05,0,0
39.32,60.50,0.05,0,0
39.16,60.50,0.05,0,0
39.38,60.50,0.05,0,0
39.48,50.00,0.10,1,0
39.41,60.00,0.10,0,0
39.38,60.00,0.10,0,0
39.28,60.00,0.10,0,0
39.43,60.00,0.10,0,0
39.38,60.00,0.10,0,0
39.46,50.00,0.15,1,0
39.21,50.00,0.15,1,0
39.40,50.00,0.14,1,0
39.27,59.50,0.14,1,0
39.23,60.50,0.14,0,0
38.95,60.00,0.14,0,0
39.08,60.00,0.05,0,0
38.92,60.00,0.00,0,0
38.87,60.00,0.00,0,0
38.80,60.00,0.00,0,0
38.60,60.00,0.00,0,0
38.68,60.00,0.00,0,0
38.59,60.00,0.00,0,0
38.43,60.00,0.00,0,0
38.16,60.00,0.00,0,0
38.25,60.00,0.00,0,0
38.28,60.00,0.00,0,0
38.24,50.00,0.43,1,0
37.47,50.00,0.43,1,0
36.48,50.00,0.43,1,0
36.77,50.00,0.43,1,0
36.13,50.00,0.43,1,0
35.70,50.00,0.43,1,1
35.22,50.00,0.43,1,1
34.88,50.00,0.43,1,1
34.29,50.00,0.43,1,1
34.14,50.00,0.43,1,1
34.21,50.00,0.43,1,1
34.24,50.00,0.43,1,1
34.31,50.00,0.43,1,1
34.36,50.00,0.43,1,1
34.54,50.00,0.43,1,1
34.70,50.00,0.43,1,1
34.89,50.00,0.43,1,1
34.88,50.00,0.43,1,1
35.07,50.00,0.43,1,1
34.88,50.00,0.43,1,1
34.98,50.00,0.43,1,1
35.11,50.00,0.43,1,1
35.16,50.00,0.43,1,1
34.97,50.00,0.43,1,1
35.11,50.00,0.43,1,1
35.24,50.00,0.43,1,1
35.22,50.00,0.43,1,1
35.01,50.00,0.43,1,1
35.25,50.00,0.43,1,1
35.31,50.00,0.43,1,1
35.38,50.00,0.43,1,1
35.37,50.00,0.43,1,1
35.21,50.00,0.43,1,1
35.40,50.00,0.43,1,1
35.32,50.00,0.43,1,1
35.35,50.00,0.43,1,1
35.13,50.00,1.62,0,1
35.32,50.00,1.62,0,1
35.27,50.00,1.62,0,1
35.17,50.00,1.62,0,1
34.94,50.00,1.62,0,1
35.19,50.00,1.62,0,1
35.14,50.00,1.62,0,1
35.17,50.00,1.62,0,1
35.10,50.00,1.62,0,1
34.79,50.00,1.62,0,1
34.78,50.00,1.62,0,1
34.82,50.00,1.62,0,1
34.68,50.00,1.62,0,1
34.55,50.00,1.54,0,1
34.54,60.50,1.54,0,1
34.07,60.00,1.54,0,1
33.75,59.50,1.63,0,1
33.67,60.50,0.58,0,1
33.72,60.50,0.58,0,1
33.49,60.50,0.58,0,1
33.58,60.50,0.58,0,1
33.59,60.50,0.58,0,1
33.53,60.50,0.58,0,1
33.35,60.50,0.58,0,1
33.40,60.50,0.58,0,1
33.62,60.50,0.58,0,1
33.88,50.00,0.38,1,1
33.65,60.00,0.38,0,1
33.52,60.00,0.38,0,1
33.46,50.00,0.37,1,1
33.66,60.50,0.37,0,1
33.60,60.50,0.37,0,1
33.54,50.00,0.36,1,1
33.61,59.50,0.06,1,1
33.63,59.50,0.06,1,1
33.78,59.50,0.06,1,1
33.24,59.50,0.06,1,1
33.53,59.50,0.06,1,1
33.46,59.50,0.06,1,1
33.71,59.50,0.06,1,1
33.56,59.50,0.06,1,1
33.74,59.50,0.06,1,1
33.81,50.00,0.36,1,1
33.96,60.00,0.37,0,1
34.59,60.00,0.37,0,1
33.94,60.00,0.37,0,1
33.58,50.00,0.36,1,1
34.19,50.00,0.36,1,1
34.26,50.00,0.36,1,1
34.38,50.00,0.36,1,1
34.36,50.00,0.36,1,1
33.96,50.00,0.36,1,1
34.13,50.00,0.36,1,1
33.95,50.00,0.36,1,1
33.94,50.00,0.36,1,1
34.03,50.00,0.36,1,1
34.21,50.00,0.36,1,1
34.00,50.00,0.36,1,1
34.01,50.00,0.36,1,1
33.93,50.00,0.36,1,1
34.24,50.00,0.36,1,1
33.94,50.00,0.36,1,1
34.19,50.00,0.36,1,1
34.25,50.00,0.36,1,1
34.03,50.00,0.36,1,1
34.32,50.00,0.36,1,1
34.21,50.00,0.36,1,1
34.16,50.00,0.36,1,1
33.97,50.00,0.95,0,1
34.33,50.00,0.95,0,1
34.08,50.00,0.95,0,1
34.06,50.00,0.95,0,1
34.13,50.00,0.95,0,1
34.15,50.00,0.95,0,1
34.20,50.00,0.95,0,1
34.29,50.00,0.95,0,1
34.50,50.00,0.95,0,1
34.03,50.00,0.95,0,1
34.25,50.00,0.95,0,1
34.13,50.00,0.95,0,1
34.17,50.00,0.95,0,1
34.28,50.00,0.95,0,1
34.04,50.00,0.95,0,1
34.35,50.00,0.93,0,1
34.03,59.50,1.03,0,1
34.17,59.50,1.03,0,1
34.25,59.50,1.03,0,1
34.13,59.50,1.03,0,1
34.17,59.50,1.03,0,1
34.16,59.50,1.03,0,1
34.23,59.50,1.03,0,1
34.10,59.50,1.03,0,1
34.77,59.50,1.03,0,1
34.84,59.50,1.03,0,1
35.07,59.50,1.03,0,1
35.38,59.50,1.03,0,1
35.58,59.50,1.03,0,1
35.46,59.50,1.03,0,1
35.40,59.50,1.03,0,1
35.53,59.50,1.03,0,1
35.56,59.50,1.03,0,1
35.62,59.50,1.03,0,1
35.77,59.50,1.03,0,1
35.92,59.50,1.03,0,1
35.84,59.50,1.03,0,1
35.30,59.50,1.03,0,1
35.38,59.50,1.03,0,1
36.08,59.50,1.03,0,0
36.59,59.50,1.03,0,0
37.02,59.50,1.03,0,0
37.46,59.50,1.03,0,0
38.12,50.00,1.23,0,0
39.04,50.00,1.23,0,0
39.71,50.00,1.23,0,0
39.68,50.00,1.23,0,0
39.58,50.00,1.23,0,0
39.58,50.00,1.23,0,0
39.32,50.00,1.23,0,0
39.97,50.00,1.23,0,0
39.99,50.00,1.23,0,0
40.00,50.00,1.23,0,0
39.88,50.00,1.23,0,0
39.98,50.00,1.23,0,0
40.00,50.00,1.23,0,0
40.00,50.00,1.23,0,0
40.00,50.00,1.23,0,0
40.00,50.00,1.23,0,0
40.00,50.00,1.05,0,0
40.00,61.02,1.19,0,0
40.00,61.02,1.19,0,0
40.00,61.02,1.19,0,0
40.00,61.02,1.19,0,0
40.00,61.02,1.19,0,0
40.00,61.02,1.19,0,0
40.00,61.02,1.19,0,0
40.00,61.02,1.19,0,0
40.00,61.02,1.19,0,0
40.00,61.02,1.19,0,0
40.00,61.02,1.19,0,0
40.00,61.02,1.19,0,0
40.00,61.02,1.19,0,0
40.00,61.02,1.19,0,0
40.00,61.02,1.19,0,0
40.00,61.02,1.19,0,0
40.00,61.02,1.19,0,0
40.00,61.02,1.19,0,0
40.00,50.00,1.22,0,0
40.00,59.50,1.22,0,0
40.00,60.00,0.94,0,0
38.75,60.50,0.82,0,0
36.17,60.50,0.81,0,0
35.30,59.50,0.00,1,1
34.05,60.00,0.00,0,1
33.76,60.00,0.00,0,1
31.50,60.00,0.00,0,1
30.00,60.50,0.00,0,1
30.00,60.50,0.00,0,1
30.00,59.50,0.00,1,1
30.00,60.00,0.00,0,1
30.00,60.00,0.00,0,1
30.00,60.50,0.00,0,1
30.00,60.00,0.00,0,1
30.00,60.00,0.00,0,1
30.00,60.00,0.00,0,1
30.00,60.00,0.00,0,1
30.00,60.00,0.00,0,1
30.00,60.50,0.00,0,1
30.00,60.00,0.00,0,1
31.57,59.50,0.00,1,1
31.82,60.50,0.00,0,1
32.51,60.00,0.00,0,1
33.94,60.50,0.00,0,1
34.11,60.00,0.00,0,1
34.51,59.50,0.00,1,1
34.91,60.00,0.00,0,1
35.97,60.00,0.00,0,1
37.23,60.50,0.00,0,0
36.96,60.50,0.00,0,0
37.31,60.50,0.00,0,0
37.43,60.50,0.00,0,0
37.67,60.50,0.00,0,0
38.55,60.50,0.00,0,0
39.77,60.50,0.00,0,0
40.00,60.50,0.00,0,0
40.00,60.50,0.00,0,0
40.00,60.50,0.00,0,0
40.00,60.50,0.00,0,0
40.00,60.50,0.00,0,0
40.00,60.50,0.00,0,0
40.00,60.50,0.00,0,0
40.00,60.50,0.00,0,0
40.00,60.50,0.00,0,0
40.00,60.50,0.00,0,0
40.00,60.50,0.00,0,0
40.00,60.50,0.00,0,0
40.00,60.50,0.00,0,0
40.00,60.50,0.00,0,0
40.00,60.50,0.00,0,0
40.00,60.50,0.00,0,0
40.00,60.50,0.00,0,0
40.00,60.50,0.00,0,0
40.00,60.50,0.00,0,0
40.00,60.50,0.00,0,0
40.00,60.50,0.00,0,0
40.00,60.50,0.00,0,0
40.00,60.50,0.00,0,0
40.00,50.00,1.34,0,0
40.00,61.02,1.34,0,0
40.00,59.50,1.34,0,0
40.00,60.00,1.34,0,0
40.00,60.50,1.34,0,0
40.00,60.50,1.34,0,0
40.00,60.50,1.34,0,0
40.00,60.50,1.34,0,0
40.00,60.50,1.34,0,0
40.00,60.50,1.34,0,0
40.00,60.50,1.34,0,0
40.00,60.50,1.34,0,0
40.00,60.50,1.34,0,0
40.00,60.50,1.34,0,0
40.00,60.50,1.34,0,0
40.00,60.50,1.34,0,0
40.00,50.00,0.53,1,0
40.00,59.50,0.53,1,0
40.00,60.00,0.53,0,0
40.00,60.00,0.53,0,0
40.00,60.50,0.53,0,0
40.00,60.50,0.53,0,0
40.00,60.50,0.53,0,0
40.00,60.50,0.53,0,0
40.00,60.50,0.53,0,0
40.00,50.00,0.19,1,0
40.00,60.00,0.19,0,0
40.00,51.43,0.19,1,0
40.00,51.80,0.19,1,0
40.00,60.00,0.19,0,0
40.00,51.43,0.01,1,0
40.00,50.00,0.03,1,0
40.00,51.43,0.03,1,0
40.00,51.43,0.03,1,0
40.00,51.80,0.02,1,0
40.00,50.00,0.02,1,0
40.00,50.00,0.02,1,0
40.00,50.00,0.02,1,0
40.00,50.00,0.01,1,0
38.03,50.00,0.03,1,0
36.56,50.00,0.03,1,0
35.25,50.00,0.03,1,1
34.76,50.00,0.03,1,1
34.57,50.00,0.09,1,1
34.03,50.00,0.09,1,1
34.21,50.00,0.09,1,1
34.04,50.00,0.10,1,1
34.56,50.00,0.10,1,1
37.50,0.00,0.00,0,0
36.67,60.50,0.05,0,0
35.77,60.50,0.06,0,1
35.89,59.50,0.06,1,1
36.00,60.00,0.05,0,0
36.39,60.00,0.00,0,0
36.27,60.50,0.00,0,0
36.44,60.50,0.00,0,0
36.40,59.50,0.00,1,0
36.29,60.00,0.00,0,0
36.49,60.00,0.00,0,0
36.45,61.02,0.00,0,0
36.44,59.50,0.00,1,0
36.54,60.00,0.00,0,0
36.61,60.00,0.00,0,0
36.73,59.50,0.00,1,0
36.70,59.50,0.00,1,0
36.68,59.50,0.00,1,0
36.60,59.50,0.00,1,0
36.56,50.00,0.14,1,0
36.79,50.00,0.14,1,0
37.15,50.00,0.14,1,0
36.94,50.00,0.14,1,0
36.85,50.00,0.14,1,0
35.86,50.00,0.14,1,1
35.32,50.00,0.14,1,1
35.58,50.00,0.14,1,1
35.30,50.00,0.14,1,1
34.91,50.00,0.14,1,1
34.76,50.00,0.14,1,1
34.75,50.00,0.14,1,1
34.90,50.00,0.14,1,1
34.93,50.00,0.14,1,1
34.98,50.00,0.14,1,1
34.79,50.00,0.14,1,1
34.81,50.00,0.14,1,1
34.74,50.00,0.14,1,1
34.89,50.00,0.14,1,1
34.78,50.00,0.14,1,1
34.76,50.00,0.14,1,1
34.84,50.00,0.14,1,1
34.86,50.00,0.14,1,1
34.71,50.00,0.14,1,1
34.51,50.00,0.14,1,1
34.64,50.00,0.14,1,1
34.60,50.00,0.14,1,1
35.08,50.00,0.14,1,1
35.51,50.00,0.14,1,1
37.13,50.00,0.14,1,0
38.79,50.00,1.36,0,0
39.42,59.50,1.36,0,0
39.81,60.00,1.36,0,0
39.79,60.50,1.36,0,0
39.96,60.00,1.39,0,0
39.93,60.00,0.00,0,0
39.91,60.50,0.00,0,0
39.88,60.00,0.00,0,0
39.93,59.50,0.00,1,0
39.88,60.50,0.00,0,0
39.84,60.50,0.00,0,0
39.72,60.00,0.00,0,0
39.78,59.50,0.00,1,0
39.85,60.00,0.00,0,0
39.83,60.00,0.00,0,0
39.67,61.02,0.00,0,0
39.76,59.50,0.00,1,0
39.76,59.50,0.00,1,0
39.79,59.50,0.00,1,0
39.85,59.50,0.00,1,0
39.91,59.50,0.00,1,0
39.82,59.50,0.00,1,0
39.83,59.50,0.00,1,0
39.88,59.50,0.00,1,0
39.87,59.50,0.00,1,0
39.88,50.00,0.38,1,0
40.00,60.00,0.38,0,0
39.89,60.50,0.38,0,0
40.00,59.50,0.38,1,0
39.96,60.00,0.38,0,0
40.00,61.02,0.00,0,0
40.00,59.50,0.00,1,0
40.00,60.00,0.00,0,0
40.00,60.50,0.00,0,0
40.00,59.50,0.00,1,0
40.00,60.50,0.00,0,0
40.00,60.50,0.00,0,0
40.00,59.50,0.00,1,0
40.00,60.00,0.00,0,0
40.00,60.50,0.00,0,0
40.00,59.50,0.00,1,0
40.00,59.50,0.00,1,0
40.00,59.50,0.00,1,0
40.00,59.50,0.00,1,0
40.00,59.50,0.00,1,0
40.00,59.50,0.00,1,0
40.00,59.50,0.00,1,0
40.00,59.50,0.00,1,0
40.00,59.50,0.00,1,0
40.00,59.50,0.00,1,0
40.00,59.50,0.00,1,0
40.00,59.50,0.00,1,0
40.00,59.50,0.00,1,0
40.00,59.50,0.00,1,0
40.00,59.50,0.00,1,0
38.55,59.50,0.00,1,0
35.95,59.50,0.00,1,1
34.82,59.50,0.00,1,1
33.91,59.50,0.00,1,1
33.58,59.50,0.00,1,1
33.16,59.50,0.00,1,1
33.01,59.50,0.00,1,1
33.44,59.50,0.00,1,1
33.51,59.50,0.00,1,1
33.40,59.50,0.00,1,1
33.16,59.50,0.00,1,1
33.38,59.50,0.00,1,1
33.94,59.50,0.00,1,1
33.18,59.50,0.00,1,1
33.26,59.50,0.00,1,1
33.21,59.50,0.00,1,1
33.20,59.50,0.00,1,1
33.25,59.50,0.00,1,1
33.13,59.50,0.00,1,1
33.09,59.50,0.00,1,1
33.06,59.50,0.00,1,1
32.93,59.50,0.00,1,1
32.95,59.50,0.00,1,1
33.06,50.00,1.77,0,1
34.15,60.00,1.77,0,1
36.81,59.50,1.77,0,0
39.12,60.00,1.77,0,0
39.29,60.50,1.77,0,0
39.36,60.50,0.00,0,0
39.41,59.50,0.00,1,0
39.38,60.00,0.00,0,0
39.32,60.00,0.00,0,0
39.44,59.50,0.00,1,0
39.55,61.02,0.00,0,0
39.43,60.00,0.00,0,0
39.38,60.00,0.00,0,0
39.50,59.50,0.00,1,0
39.50,60.50,0.00,0,0
39.18,60.50,0.00,0,0
38.24,50.00,0.05,1,0
36.14,59.50,0.05,1,0
35.25,60.50,0.05,0,1
34.68,59.50,0.05,1,1
34.49,61.02,0.05,0,1
34.74,60.00,0.00,0,1
34.57,60.00,0.00,0,1
34.51,60.00,0.00,0,1
34.56,59.50,0.00,1,1
34.54,60.50,0.00,0,1
35.34,60.50,0.00,0,1
36.78,60.50,0.00,0,0
38.87,50.00,0.10,1,0
39.15,60.00,0.10,0,0
39.05,59.50,0.10,1,0
39.04,60.50,0.10,0,0
39.14,60.00,0.10,0,0
39.09,60.50,0.00,0,0
39.17,60.00,0.00,0,0
39.01,59.50,0.00,1,0
39.09,60.50,0.00,0,0
39.10,60.50,0.00,0,0
39.13,59.50,0.00,1,0
38.69,59.50,0.00,1,0
38.39,59.50,0.00,1,0
36.16,50.00,0.10,1,0
35.66,60.00,0.10,0,1
34.85,60.00,0.10,0,1
33.94,60.00,0.10,0,1
33.42,60.00,0.10,0,1
33.63,60.00,0.00,0,1
34.37,61.02,0.00,0,1
34.20,59.50,0.00,1,1
34.07,60.00,0.00,0,1
34.09,60.00,0.00,0,1
34.38,60.50,0.00,0,1
34.59,60.00,0.00,0,1
34.38,60.00,0.00,0,1
35.32,60.00,0.00,0,1
36.29,60.00,0.00,0,0
36.32,60.00,0.00,0,0
36.62,60.00,0.00,0,0
37.33,60.00,0.00,0,0
38.08,60.00,0.00,0,0
38.84,60.00,0.00,0,0
38.90,60.00,0.00,0,0
38.96,60.00,0.00,0,0
38.94,60.00,0.00,0,0
39.03,60.00,0.00,0,0
39.13,60.00,0.00,0,0
39.11,60.00,0.00,0,0
37.63,60.00,0.00,0,0
35.63,60.00,0.00,0,1
35.44,60.00,0.00,0,1
35.31,50.00,0.72,0,1
35.31,60.00,0.72,0,1
34.88,61.02,0.72,0,1
34.71,60.00,0.72,0,1
34.83,60.00,0.72,0,1
34.76,60.00,0.00,0,1
34.89,60.00,0.00,0,1
34.74,59.50,0.00,1,1
34.90,60.50,0.00,0,1
35.02,60.00,0.00,0,1
34.90,60.00,0.00,0,1
34.82,60.00,0.00,0,1
35.07,60.00,0.00,0,1
34.63,60.00,0.00,0,1
34.69,60.00,0.00,0,1
34.80,60.00,0.00,0,1
34.78,50.00,0.24,1,1
34.81,59.50,0.24,1,1
34.88,60.50,0.24,0,1
34.98,60.00,0.24,0,1
34.95,60.00,0.24,0,1
34.99,60.00,0.00,0,1
34.87,59.50,0.00,1,1
35.00,61.54,0.00,0,1
35.14,59.50,0.00,1,1
34.89,60.00,0.00,0,1
34.84,60.00,0.00,0,1
35.28,60.00,0.00,0,1
34.90,60.00,0.00,0,1
34.88,60.00,0.00,0,1
34.70,60.00,0.00,0,1
34.91,60.00,0.00,0,1
34.75,60.00,0.00,0,1
34.85,50.00,0.29,1,1
34.70,50.00,0.29,1,1
34.86,50.00,0.29,1,1
34.98,50.00,0.29,1,1
34.82,50.00,0.29,1,1
35.03,50.00,0.29,1,1
35.04,50.00,0.29,1,1
34.93,50.00,0.29,1,1
34.96,50.00,0.29,1,1
34.92,50.00,0.29,1,1
35.13,50.00,0.29,1,1
35.03,50.00,0.29,1,1
34.82,50.00,0.29,1,1
34.85,50.00,0.29,1,1
34.90,50.00,0.29,1,1
35.15,50.00,0.29,1,1
35.65,50.00,0.70,0,1
36.36,50.00,0.70,0,0
37.03,50.00,0.70,0,0
37.91,50.00,0.70,0,0
38.29,50.00,0.70,0,0
39.39,50.00,0.70,0,0
39.59,50.00,0.70,0,0
39.75,50.00,0.70,0,0
39.72,50.00,0.70,0,0
39.90,50.00,0.70,0,0
39.91,50.00,0.70,0,0
40.00,50.00,0.70,0,0
40.00,50.00,0.70,0,0
40.00,50.00,0.70,0,0
40.00,50.00,0.70,0,0
40.00,50.00,0.70,0,0
40.00,50.00,0.70,0,0
40.00,50.00,0.70,0,0
40.00,50.00,0.70,0,0
40.00,50.00,0.70,0,0
40.00,50.00,0.70,0,0
40.00,50.00,0.70,0,0
40.00,50.00,0.70,0,0
40.00,50.00,0.70,0,0
40.00,50.00,1.08,0,0
40.00,59.50,1.08,0,0
40.00,61.02,1.08,0,0
40.00,60.00,1.16,0,0
40.00,60.00,1.10,0,0
40.00,59.50,0.00,1,0
39.79,59.50,0.00,1,0
35.61,59.50,0.00,1,1
33.62,59.50,0.00,1,1
32.81,59.50,0.00,1,1
32.64,59.50,0.00,1,1
31.84,59.50,0.00,1,1
31.81,59.50,0.00,1,1
31.76,59.50,0.00,1,1
31.95,59.50,0.00,1,1
31.66,59.50,0.00,1,1
31.56,50.00,0.48,1,1
31.41,60.00,0.48,0,1
31.56,60.50,0.48,0,1
31.97,60.00,0.48,0,1
32.09,60.00,0.48,0,1
32.01,60.00,0.00,0,1
31.50,60.50,0.00,0,1
31.98,60.50,0.00,0,1
32.12,50.00,0.05,1,1
32.13,59.50,0.05,1,1
32.02,59.50,0.05,1,1
32.22,59.50,0.05,1,1
32.19,50.00,0.10,1,1
32.21,50.00,0.10,1,1
32.00,50.00,0.10,1,1
32.76,50.00,0.10,1,1
35.78,50.00,0.14,1,1
36.02,60.00,0.14,0,0
36.05,60.00,0.15,0,0
36.68,60.00,0.15,0,0
36.73,60.00,0.15,0,0
36.26,50.00,0.14,1,0
36.76,60.00,0.15,0,0
36.77,60.00,0.15,0,0
36.66,50.00,0.10,1,0
36.22,60.50,0.10,0,0
36.39,60.00,0.10,0,0
36.50,60.00,0.10,0,0
36.40,50.00,0.06,1,0
36.60,50.00,0.06,1,0
36.26,50.00,0.06,1,0
36.38,50.00,0.06,1,0
36.44,50.00,0.13,1,0
36.63,50.00,0.13,1,0
35.94,50.00,0.13,1,1
36.08,50.00,0.13,1,0
35.66,50.00,0.13,1,1
35.79,50.00,0.12,1,1
35.70,50.00,0.12,1,1
35.37,50.00,0.12,1,1
34.55,50.00,0.09,1,1
34.09,50.00,0.09,1,1
34.44,50.00,0.09,1,1
34.05,50.00,0.09,1,1
33.99,50.00,0.09,1,1
33.91,50.00,0.09,1,1
33.69,50.00,0.09,1,1
33.85,50.00,0.09,1,1
34.00,50.00,0.18,1,1
33.72,50.00,0.18,1,1
33.66,50.00,0.18,1,1
33.95,50.00,0.18,1,1
34.26,50.00,0.18,1,1
33.88,50.00,0.18,1,1
33.60,50.00,0.18,1,1
33.71,50.00,0.18,1,1
34.00,50.00,0.18,1,1
33.61,50.00,0.18,1,1
33.80,50.00,0.18,1,1
34.12,50.00,0.18,1,1
33.93,50.00,0.18,1,1
33.92,50.00,0.18,1,1
33.81,50.00,0.18,1,1
33.99,50.00,0.18,1,1
33.69,50.00,0.18,1,1
33.79,50.00,0.18,1,1
33.70,50.00,0.18,1,1
33.77,50.00,0.18,1,1
33.90,50.00,0.18,1,1
33.94,50.00,0.18,1,1
33.74,50.00,0.18,1,1
33.92,50.00,0.18,1,1
33.73,50.00,0.18,1,1
33.95,50.00,0.18,1,1
34.14,50.00,0.18,1,1
34.42,50.00,1.14,0,1
34.79,60.00,1.17,0,1
35.57,60.50,1.19,0,1
36.24,59.50,1.21,0,0
36.51,60.00,1.25,0,0
37.03,60.00,0.00,0,0
37.38,61.02,0.00,0,0
37.81,59.50,0.00,1,0
38.35,60.00,0.00,0,0
38.86,60.00,0.00,0,0
39.05,60.50,0.00,0,0
39.25,60.00,0.00,0,0
39.40,60.00,0.00,0,0
39.46,60.00,0.00,0,0
39.41,59.50,0.00,1,0
39.52,60.50,0.00,0,0
39.40,60.50,0.00,0,0
39.46,60.50,0.00,0,0
39.61,60.50,0.00,0,0
39.58,60.50,0.00,0,0
39.55,60.50,0.00,0,0
39.63,60.50,0.00,0,0
39.65,60.50,0.00,0,0
39.68,60.50,0.00,0,0
39.59,60.50,0.00,0,0
39.68,60.50,0.00,0,0
39.75,60.50,0.00,0,0
39.68,60.50,0.00,0,0
39.68,60.50,0.00,0,0
39.61,60.50,0.00,0,0
37.73,50.00,0.62,1,0
35.74,59.50,0.62,1,1
32.96,60.50,0.62,0,1
34.44,60.00,0.62,0,1
34.25,60.00,0.62,0,1
37.36,60.50,0.00,0,0
38.05,60.00,0.00,0,0
38.76,60.00,0.00,0,0
38.81,60.00,0.00,0,0
39.76,60.50,0.00,0,0
40.00,59.50,0.00,1,0
39.55,60.00,0.00,0,0
37.51,60.50,0.00,0,0
38.06,60.50,0.00,0,0
37.14,59.50,0.00,1,0
36.88,60.00,0.00,0,0
36.37,60.00,0.00,0,0
37.36,60.50,0.00,0,0
40.00,60.00,0.00,0,0
40.00,60.00,0.00,0,0
40.00,60.00,0.00,0,0
40.00,60.00,0.00,0,0
40.00,61.02,0.00,0,0
40.00,59.50,0.00,1,0
40.00,60.00,0.00,0,0
40.00,60.00,0.00,0,0
40.00,60.00,0.00,0,0
40.00,60.00,0.00,0,0
40.00,60.00,0.00,0,0
40.00,60.00,0.00,0,0
40.00,60.00,0.00,0,0
